Workbook
Name Note_sur: GARDE!$Z$4
Name tab_base: [1]CALCULS!$B$8:$K$17
Name tab_nego: [1]CALCULS!$B$36:$K$45
Name tab_recal: [1]CALCULS!$B$22:$L$31

Sheet GARDE
A1: MAITRE D’OUVRAGE
A3: ='Feuille de Donnée'!F3 -> Maitre d'ouvrage | V3: CRITERES D'ANALYSE
V4: Les offres sont classées selon une note globale sur | Z4: 10 | AA4: définie comme il suit:
A6: OPERATION | W6: Note technique | Y6: 0.4
A7: ='Feuille de Donnée'!H3 -> Déscription de l'affaire
A9: ='Feuille de Donnée'!I3 -> 1 rue de l'adresse
A15: AMO
A16: ARCHITECTE | G16: ='Feuille de Donnée'!G3 -> Maitre d'œuvre
A17: ECONOMISTE | G17: DMX Economie
A18: BUREAU D’ETUDE STRUCTURE
A19: AMO BREAM / WELL
A20: BUREAU DE CONROLE
A23: PHASE | D23: INDICE | G23: LOT
A24: ACT | D24: ='Feuille de Donnée'!M3 -> 0 | G24: ='Feuille de Donnée'!J3 -> NOMDULOT
A27: INTITULE DU DOCUMENT
A28: ANALYSE D'OFFRES
A30: N° AFFAIRE | F30: DATE | L30: REDIGE PAR | Q30: CHARGE D’AFFAIRE
A31: ='Feuille de Donnée'!L3 -> AFFAIRE | F31: ='Feuille de Donnée'!C3 -> 46077

Sheet ETANCHEITE
D1: =+'Feuille de Donnée'!E3 -> Nom du projet
D2: ='Feuille de Donnée'!H3 -> Déscription de l'affaire
D3: ='Feuille de Donnée'!B5&'Feuille de Donnée'!F3 -> Maitre d'ouvrage
D4: ='Feuille de Donnée'!B6&'Feuille de Donnée'!G3 -> Maitre d'œuvre
D5: ="INDICE : "&'Feuille de Donnée'!M3 -> INDICE : 0
D6: ="PHASE D'ETUDE : "&'Feuille de Donnée'!D3 -> PHASE D'ETUDE : ACT
D7: ="DOCUMENT EN DATE DU : "&TEXT('Feuille de Donnée'!C3,"JJ/MM/AA") -> DOCUMENT EN DATE DU : 24/02/26
D8: ='Feuille de Donnée'!K3&" : "& 'Feuille de Donnée'!J3 -> LOT 01 : NOMDULOT
D9: TABLEAU D'ANALYSE DES OFFRES :
D11: Légende analyse
D12: QUANTITE | E12: PRIX UNITAIRE | F12: Poste ajouté par MOE
D13: ="Quantité inférieuré à "&'Feuille de Donnée'!E12*100&" %" -> Quantité inférieuré à 5 % | E13: ="Prix inférieur à "&'Feuille de Donnée'!E27*100&" %" -> Prix inférieur à 35 % | F13: Poste supprimé par MOE
D14: Quantité équivalente | E14: Prix équivalent | F14: Quantité ou prix unitaire à confirmer
D15: ="Quantité supérieure a "&'Feuille de Donnée'!F12*100&" %" -> Quantité supérieure a 2 % | E15: ="Prix supérieur a "&'Feuille de Donnée'!F27*100&" %" -> Prix supérieur a 10 % | F15: Poste non renseigné par l'entreprise
G17: MOE | K17: Entreprise 1 | T17: Entreprise 2 | AC17: Entreprise 3 | AL17: Entreprise 4 | AU17: Entreprise 5 | BD17: Entreprise 6
A18: Num | B18: Désignation | G18: U | H18: Quantité | I18: PU | J18: Montant | K18: U | L18: Quantité | M18: PU | N18: Montant | O18: Ecart Qtés (en %) | P18: Ecart PU (en %) | Q18: nb remarque | R18: Remarque logiciel | S18: Questions | T18: U | U18: Quantité | V18: PU | W18: Montant | X18: Ecart Qtés (en %) | Y18: Ecart PU (en %) | Z18: nb remarque | AA18: Remarque logiciel | AB18: Questions | AC18: U | AD18: Quantité | AE18: PU | AF18: Montant | AG18: Ecart Qtés (en %) | AH18: Ecart PU (en %) | AI18: nb remarque | AJ18: Remarque logiciel | AK18: Questions | AL18: U | AM18: Quantité | AN18: PU | AO18: Montant | AP18: Ecart Qtés (en %) | AQ18: Ecart PU (en %) | AR18: nb remarque | AS18: Remarque logiciel | AT18: Questions | AU18: U | AV18: Quantité | AW18: PU | AX18: Montant | AY18: Ecart Qtés (en %) | AZ18: Ecart PU (en %) | BA18: nb remarque | BB18: Remarque logiciel | BC18: Questions | BD18: U | BE18: Quantité | BF18: PU | BG18: Montant | BH18: Ecart Qtés (en %) | BI18: Ecart PU (en %) | BJ18: nb remarque | BK18: Remarque logiciel | BL18: Questions
J19: =IF(ISBLANK(G19),"",ROUND(H19*I19,2)) | N19: =IF(ISBLANK(K19),"",ROUND(L19*M19,2)) | O19: =IF($H19=0,"",(L19/$H19-1)) | P19: =IF($I19=0,"",(M19/$I19-1)) | Q19: =IF(AND(ISBLANK(S19),R19=""),"",1+MAX(Q$18:Q18)) | R19: =IF(OR(N19="",N19=0,$J19="",$J19=0,NOT(ISNUMBER($J19)),NOT(ISNUMBER(N19))),IF(AND($G19<>"",AND(OR(ISNUMBER(N19),N19=""),AND(ISNUMBER($J19),$J19>0))),'Feuille de Donnée'!$K$13,""),IF(N19<$J$165*'Feuille de Donnée'!$I$9,"Négligeable",(IF(AND(L19>=$H19*(1-'Feuille de Donnée'!$E$12),L19<=$H19*(1+'Feuille de Donnée'!$F$12)),'Feuille de Donnée'!$F$17,IF(L19<$H19*(1-'Feuille de Donnée'!$E$12),'Feuille de Donnée'!$F$18,'Feuille de Donnée'!$F$16))&""&IF(AND(M19>=$I19*(1-'Feuille de Donnée'!$E$27),M19<=$I19*(1+'Feuille de Donnée'!$F$27)),'Feuille de Donnée'!$F$32,IF(M19<$I19*(1-'Feuille de Donnée'!$E$27),'Feuille de Donnée'!$F$33,'Feuille de Donnée'!$F$31))))) | W19: =IF(ISBLANK(T19),"",ROUND(U19*V19,2)) | X19: =IF($H19=0,"",(U19/$H19-1)) | Y19: =IF($I19=0,"",(V19/$I19-1)) | Z19: =IF(AND(ISBLANK(AB19),AA19=""),"",1+MAX(Z$18:Z18)) | AA19: =IF(OR(W19="",W19=0,$J19="",$J19=0,NOT(ISNUMBER($J19)),NOT(ISNUMBER(W19))),IF(AND($G19<>"",AND(OR(ISNUMBER(W19),W19=""),AND(ISNUMBER($J19),$J19>0))),'Feuille de Donnée'!$K$13,""),IF(W19<$J$165*'Feuille de Donnée'!$I$9,"Négligeable",(IF(AND(U19>=$H19*(1-'Feuille de Donnée'!$E$12),U19<=$H19*(1+'Feuille de Donnée'!$F$12)),'Feuille de Donnée'!$F$17,IF(U19<$H19*(1-'Feuille de Donnée'!$E$12),'Feuille de Donnée'!$F$18,'Feuille de Donnée'!$F$16))&""&IF(AND(V19>=$I19*(1-'Feuille de Donnée'!$E$27),V19<=$I19*(1+'Feuille de Donnée'!$F$27)),'Feuille de Donnée'!$F$32,IF(V19<$I19*(1-'Feuille de Donnée'!$E$27),'Feuille de Donnée'!$F$33,'Feuille de Donnée'!$F$31))))) | AF19: =IF(ISBLANK(AC19),"",ROUND(AD19*AE19,2)) | AG19: =IF($H19=0,"",(AD19/$H19-1)) | AH19: =IF($I19=0,"",(AE19/$I19-1)) | AI19: =IF(AND(ISBLANK(AK19),AJ19=""),"",1+MAX(AI$18:AI18)) | AJ19: =IF(OR(AF19="",AF19=0,$J19="",$J19=0,NOT(ISNUMBER($J19)),NOT(ISNUMBER(AF19))),IF(AND($G19<>"",AND(OR(ISNUMBER(AF19),AF19=""),AND(ISNUMBER($J19),$J19>0))),'Feuille de Donnée'!$K$13,""),IF(AF19<$J$165*'Feuille de Donnée'!$I$9,"Négligeable",(IF(AND(AD19>=$H19*(1-'Feuille de Donnée'!$E$12),AD19<=$H19*(1+'Feuille de Donnée'!$F$12)),'Feuille de Donnée'!$F$17,IF(AD19<$H19*(1-'Feuille de Donnée'!$E$12),'Feuille de Donnée'!$F$18,'Feuille de Donnée'!$F$16))&""&IF(AND(AE19>=$I19*(1-'Feuille de Donnée'!$E$27),AE19<=$I19*(1+'Feuille de Donnée'!$F$27)),'Feuille de Donnée'!$F$32,IF(AE19<$I19*(1-'Feuille de Donnée'!$E$27),'Feuille de Donnée'!$F$33,'Feuille de Donnée'!$F$31))))) | AO19: =IF(ISBLANK(AL19),"",ROUND(AM19*AN19,2)) | AP19: =IF($H19=0,"",(AM19/$H19-1)) | AQ19: =IF($I19=0,"",(AN19/$I19-1)) | AR19: =IF(AND(ISBLANK(AT19),AS19=""),"",1+MAX(AR$18:AR18)) | AS19: =IF(OR(AO19="",AO19=0,$J19="",$J19=0,NOT(ISNUMBER($J19)),NOT(ISNUMBER(AO19))),IF(AND($G19<>"",AND(OR(ISNUMBER(AO19),AO19=""),AND(ISNUMBER($J19),$J19>0))),'Feuille de Donnée'!$K$13,""),IF(AO19<$J$165*'Feuille de Donnée'!$I$9,"Négligeable",(IF(AND(AM19>=$H19*(1-'Feuille de Donnée'!$E$12),AM19<=$H19*(1+'Feuille de Donnée'!$F$12)),'Feuille de Donnée'!$F$17,IF(AM19<$H19*(1-'Feuille de Donnée'!$E$12),'Feuille de Donnée'!$F$18,'Feuille de Donnée'!$F$16))&""&IF(AND(AN19>=$I19*(1-'Feuille de Donnée'!$E$27),AN19<=$I19*(1+'Feuille de Donnée'!$F$27)),'Feuille de Donnée'!$F$32,IF(AN19<$I19*(1-'Feuille de Donnée'!$E$27),'Feuille de Donnée'!$F$33,'Feuille de Donnée'!$F$31))))) | AX19: =IF(ISBLANK(AU19),"",ROUND(AV19*AW19,2)) | AY19: =IF($H19=0,"",(AV19/$H19-1)) | AZ19: =IF($I19=0,"",(AW19/$I19-1)) | BA19: =IF(AND(ISBLANK(BC19),BB19=""),"",1+MAX(BA$18:BA18)) | BB19: =IF(OR(AX19="",AX19=0,$J19="",$J19=0,NOT(ISNUMBER($J19)),NOT(ISNUMBER(AX19))),IF(AND($G19<>"",AND(OR(ISNUMBER(AX19),AX19=""),AND(ISNUMBER($J19),$J19>0))),'Feuille de Donnée'!$K$13,""),IF(AX19<$J$165*'Feuille de Donnée'!$I$9,"Négligeable",(IF(AND(AV19>=$H19*(1-'Feuille de Donnée'!$E$12),AV19<=$H19*(1+'Feuille de Donnée'!$F$12)),'Feuille de Donnée'!$F$17,IF(AV19<$H19*(1-'Feuille de Donnée'!$E$12),'Feuille de Donnée'!$F$18,'Feuille de Donnée'!$F$16))&""&IF(AND(AW19>=$I19*(1-'Feuille de Donnée'!$E$27),AW19<=$I19*(1+'Feuille de Donnée'!$F$27)),'Feuille de Donnée'!$F$32,IF(AW19<$I19*(1-'Feuille de Donnée'!$E$27),'Feuille de Donnée'!$F$33,'Feuille de Donnée'!$F$31))))) | BG19: =IF(ISBLANK(BD19),"",ROUND(BE19*BF19,2)) | BH19: =IF($H19=0,"",(BE19/$H19-1)) | BI19: =IF($I19=0,"",(BF19/$I19-1)) | BJ19: =IF(AND(ISBLANK(BL19),BK19=""),"",1+MAX(BJ$18:BJ18)) | BK19: =IF(OR(BG19="",BG19=0,$J19="",$J19=0,NOT(ISNUMBER($J19)),NOT(ISNUMBER(BG19))),IF(AND($G19<>"",AND(OR(ISNUMBER(BG19),BG19=""),AND(ISNUMBER($J19),$J19>0))),'Feuille de Donnée'!$K$13,""),IF(BG19<$J$165*'Feuille de Donnée'!$I$9,"Négligeable",(IF(AND(BE19>=$H19*(1-'Feuille de Donnée'!$E$12),BE19<=$H19*(1+'Feuille de Donnée'!$F$12)),'Feuille de Donnée'!$F$17,IF(BE19<$H19*(1-'Feuille de Donnée'!$E$12),'Feuille de Donnée'!$F$18,'Feuille de Donnée'!$F$16))&""&IF(AND(BF19>=$I19*(1-'Feuille de Donnée'!$E$27),BF19<=$I19*(1+'Feuille de Donnée'!$F$27)),'Feuille de Donnée'!$F$32,IF(BF19<$I19*(1-'Feuille de Donnée'!$E$27),'Feuille de Donnée'!$F$33,'Feuille de Donnée'!$F$31)))))
J20: =IF(ISBLANK(G20),"",ROUND(H20*I20,2)) | N20: =IF(ISBLANK(K20),"",ROUND(L20*M20,2)) | O20: =IF($H20=0,"",(L20/$H20-1)) | P20: =IF($I20=0,"",(M20/$I20-1)) | Q20: =IF(AND(ISBLANK(S20),R20=""),"",1+MAX(Q$18:Q19)) | R20: =IF(OR(N20="",N20=0,$J20="",$J20=0,NOT(ISNUMBER($J20)),NOT(ISNUMBER(N20))),IF(AND($G20<>"",AND(OR(ISNUMBER(N20),N20=""),AND(ISNUMBER($J20),$J20>0))),'Feuille de Donnée'!$K$13,""),IF(N20<$J$165*'Feuille de Donnée'!$I$9,"Négligeable",(IF(AND(L20>=$H20*(1-'Feuille de Donnée'!$E$12),L20<=$H20*(1+'Feuille de Donnée'!$F$12)),'Feuille de Donnée'!$F$17,IF(L20<$H20*(1-'Feuille de Donnée'!$E$12),'Feuille de Donnée'!$F$18,'Feuille de Donnée'!$F$16))&""&IF(AND(M20>=$I20*(1-'Feuille de Donnée'!$E$27),M20<=$I20*(1+'Feuille de Donnée'!$F$27)),'Feuille de Donnée'!$F$32,IF(M20<$I20*(1-'Feuille de Donnée'!$E$27),'Feuille de Donnée'!$F$33,'Feuille de Donnée'!$F$31))))) | W20: =IF(ISBLANK(T20),"",ROUND(U20*V20,2)) | X20: =IF($H20=0,"",(U20/$H20-1)) | Y20: =IF($I20=0,"",(V20/$I20-1)) | Z20: =IF(AND(ISBLANK(AB20),AA20=""),"",1+MAX(Z$18:Z19)) | AA20: =IF(OR(W20="",W20=0,$J20="",$J20=0,NOT(ISNUMBER($J20)),NOT(ISNUMBER(W20))),IF(AND($G20<>"",AND(OR(ISNUMBER(W20),W20=""),AND(ISNUMBER($J20),$J20>0))),'Feuille de Donnée'!$K$13,""),IF(W20<$J$165*'Feuille de Donnée'!$I$9,"Négligeable",(IF(AND(U20>=$H20*(1-'Feuille de Donnée'!$E$12),U20<=$H20*(1+'Feuille de Donnée'!$F$12)),'Feuille de Donnée'!$F$17,IF(U20<$H20*(1-'Feuille de Donnée'!$E$12),'Feuille de Donnée'!$F$18,'Feuille de Donnée'!$F$16))&""&IF(AND(V20>=$I20*(1-'Feuille de Donnée'!$E$27),V20<=$I20*(1+'Feuille de Donnée'!$F$27)),'Feuille de Donnée'!$F$32,IF(V20<$I20*(1-'Feuille de Donnée'!$E$27),'Feuille de Donnée'!$F$33,'Feuille de Donnée'!$F$31))))) | AF20: =IF(ISBLANK(AC20),"",ROUND(AD20*AE20,2)) | AG20: =IF($H20=0,"",(AD20/$H20-1)) | AH20: =IF($I20=0,"",(AE20/$I20-1)) | AI20: =IF(AND(ISBLANK(AK20),AJ20=""),"",1+MAX(AI$18:AI19)) | AJ20: =IF(OR(AF20="",AF20=0,$J20="",$J20=0,NOT(ISNUMBER($J20)),NOT(ISNUMBER(AF20))),IF(AND($G20<>"",AND(OR(ISNUMBER(AF20),AF20=""),AND(ISNUMBER($J20),$J20>0))),'Feuille de Donnée'!$K$13,""),IF(AF20<$J$165*'Feuille de Donnée'!$I$9,"Négligeable",(IF(AND(AD20>=$H20*(1-'Feuille de Donnée'!$E$12),AD20<=$H20*(1+'Feuille de Donnée'!$F$12)),'Feuille de Donnée'!$F$17,IF(AD20<$H20*(1-'Feuille de Donnée'!$E$12),'Feuille de Donnée'!$F$18,'Feuille de Donnée'!$F$16))&""&IF(AND(AE20>=$I20*(1-'Feuille de Donnée'!$E$27),AE20<=$I20*(1+'Feuille de Donnée'!$F$27)),'Feuille de Donnée'!$F$32,IF(AE20<$I20*(1-'Feuille de Donnée'!$E$27),'Feuille de Donnée'!$F$33,'Feuille de Donnée'!$F$31))))) | AO20: =IF(ISBLANK(AL20),"",ROUND(AM20*AN20,2)) | AP20: =IF($H20=0,"",(AM20/$H20-1)) | AQ20: =IF($I20=0,"",(AN20/$I20-1)) | AR20: =IF(AND(ISBLANK(AT20),AS20=""),"",1+MAX(AR$18:AR19)) | AS20: =IF(OR(AO20="",AO20=0,$J20="",$J20=0,NOT(ISNUMBER($J20)),NOT(ISNUMBER(AO20))),IF(AND($G20<>"",AND(OR(ISNUMBER(AO20),AO20=""),AND(ISNUMBER($J20),$J20>0))),'Feuille de Donnée'!$K$13,""),IF(AO20<$J$165*'Feuille de Donnée'!$I$9,"Négligeable",(IF(AND(AM20>=$H20*(1-'Feuille de Donnée'!$E$12),AM20<=$H20*(1+'Feuille de Donnée'!$F$12)),'Feuille de Donnée'!$F$17,IF(AM20<$H20*(1-'Feuille de Donnée'!$E$12),'Feuille de Donnée'!$F$18,'Feuille de Donnée'!$F$16))&""&IF(AND(AN20>=$I20*(1-'Feuille de Donnée'!$E$27),AN20<=$I20*(1+'Feuille de Donnée'!$F$27)),'Feuille de Donnée'!$F$32,IF(AN20<$I20*(1-'Feuille de Donnée'!$E$27),'Feuille de Donnée'!$F$33,'Feuille de Donnée'!$F$31))))) | AX20: =IF(ISBLANK(AU20),"",ROUND(AV20*AW20,2)) | AY20: =IF($H20=0,"",(AV20/$H20-1)) | AZ20: =IF($I20=0,"",(AW20/$I20-1)) | BA20: =IF(AND(ISBLANK(BC20),BB20=""),"",1+MAX(BA$18:BA19)) | BB20: =IF(OR(AX20="",AX20=0,$J20="",$J20=0,NOT(ISNUMBER($J20)),NOT(ISNUMBER(AX20))),IF(AND($G20<>"",AND(OR(ISNUMBER(AX20),AX20=""),AND(ISNUMBER($J20),$J20>0))),'Feuille de Donnée'!$K$13,""),IF(AX20<$J$165*'Feuille de Donnée'!$I$9,"Négligeable",(IF(AND(AV20>=$H20*(1-'Feuille de Donnée'!$E$12),AV20<=$H20*(1+'Feuille de Donnée'!$F$12)),'Feuille de Donnée'!$F$17,IF(AV20<$H20*(1-'Feuille de Donnée'!$E$12),'Feuille de Donnée'!$F$18,'Feuille de Donnée'!$F$16))&""&IF(AND(AW20>=$I20*(1-'Feuille de Donnée'!$E$27),AW20<=$I20*(1+'Feuille de Donnée'!$F$27)),'Feuille de Donnée'!$F$32,IF(AW20<$I20*(1-'Feuille de Donnée'!$E$27),'Feuille de Donnée'!$F$33,'Feuille de Donnée'!$F$31))))) | BG20: =IF(ISBLANK(BD20),"",ROUND(BE20*BF20,2)) | BH20: =IF($H20=0,"",(BE20/$H20-1)) | BI20: =IF($I20=0,"",(BF20/$I20-1)) | BJ20: =IF(AND(ISBLANK(BL20),BK20=""),"",1+MAX(BJ$18:BJ19)) | BK20: =IF(OR(BG20="",BG20=0,$J20="",$J20=0,NOT(ISNUMBER($J20)),NOT(ISNUMBER(BG20))),IF(AND($G20<>"",AND(OR(ISNUMBER(BG20),BG20=""),AND(ISNUMBER($J20),$J20>0))),'Feuille de Donnée'!$K$13,""),IF(BG20<$J$165*'Feuille de Donnée'!$I$9,"Négligeable",(IF(AND(BE20>=$H20*(1-'Feuille de Donnée'!$E$12),BE20<=$H20*(1+'Feuille de Donnée'!$F$12)),'Feuille de Donnée'!$F$17,IF(BE20<$H20*(1-'Feuille de Donnée'!$E$12),'Feuille de Donnée'!$F$18,'Feuille de Donnée'!$F$16))&""&IF(AND(BF20>=$I20*(1-'Feuille de Donnée'!$E$27),BF20<=$I20*(1+'Feuille de Donnée'!$F$27)),'Feuille de Donnée'!$F$32,IF(BF20<$I20*(1-'Feuille de Donnée'!$E$27),'Feuille de Donnée'!$F$33,'Feuille de Donnée'!$F$31)))))
J21: =IF(ISBLANK(G21),"",ROUND(H21*I21,2)) | N21: =IF(ISBLANK(K21),"",ROUND(L21*M21,2)) | O21: =IF($H21=0,"",(L21/$H21-1)) | P21: =IF($I21=0,"",(M21/$I21-1)) | Q21: =IF(AND(ISBLANK(S21),R21=""),"",1+MAX(Q$18:Q20)) | R21: =IF(OR(N21="",N21=0,$J21="",$J21=0,NOT(ISNUMBER($J21)),NOT(ISNUMBER(N21))),IF(AND($G21<>"",AND(OR(ISNUMBER(N21),N21=""),AND(ISNUMBER($J21),$J21>0))),'Feuille de Donnée'!$K$13,""),IF(N21<$J$165*'Feuille de Donnée'!$I$9,"Négligeable",(IF(AND(L21>=$H21*(1-'Feuille de Donnée'!$E$12),L21<=$H21*(1+'Feuille de Donnée'!$F$12)),'Feuille de Donnée'!$F$17,IF(L21<$H21*(1-'Feuille de Donnée'!$E$12),'Feuille de Donnée'!$F$18,'Feuille de Donnée'!$F$16))&""&IF(AND(M21>=$I21*(1-'Feuille de Donnée'!$E$27),M21<=$I21*(1+'Feuille de Donnée'!$F$27)),'Feuille de Donnée'!$F$32,IF(M21<$I21*(1-'Feuille de Donnée'!$E$27),'Feuille de Donnée'!$F$33,'Feuille de Donnée'!$F$31))))) | W21: =IF(ISBLANK(T21),"",ROUND(U21*V21,2)) | X21: =IF($H21=0,"",(U21/$H21-1)) | Y21: =IF($I21=0,"",(V21/$I21-1)) | Z21: =IF(AND(ISBLANK(AB21),AA21=""),"",1+MAX(Z$18:Z20)) | AA21: =IF(OR(W21="",W21=0,$J21="",$J21=0,NOT(ISNUMBER($J21)),NOT(ISNUMBER(W21))),IF(AND($G21<>"",AND(OR(ISNUMBER(W21),W21=""),AND(ISNUMBER($J21),$J21>0))),'Feuille de Donnée'!$K$13,""),IF(W21<$J$165*'Feuille de Donnée'!$I$9,"Négligeable",(IF(AND(U21>=$H21*(1-'Feuille de Donnée'!$E$12),U21<=$H21*(1+'Feuille de Donnée'!$F$12)),'Feuille de Donnée'!$F$17,IF(U21<$H21*(1-'Feuille de Donnée'!$E$12),'Feuille de Donnée'!$F$18,'Feuille de Donnée'!$F$16))&""&IF(AND(V21>=$I21*(1-'Feuille de Donnée'!$E$27),V21<=$I21*(1+'Feuille de Donnée'!$F$27)),'Feuille de Donnée'!$F$32,IF(V21<$I21*(1-'Feuille de Donnée'!$E$27),'Feuille de Donnée'!$F$33,'Feuille de Donnée'!$F$31))))) | AF21: =IF(ISBLANK(AC21),"",ROUND(AD21*AE21,2)) | AG21: =IF($H21=0,"",(AD21/$H21-1)) | AH21: =IF($I21=0,"",(AE21/$I21-1)) | AI21: =IF(AND(ISBLANK(AK21),AJ21=""),"",1+MAX(AI$18:AI20)) | AJ21: =IF(OR(AF21="",AF21=0,$J21="",$J21=0,NOT(ISNUMBER($J21)),NOT(ISNUMBER(AF21))),IF(AND($G21<>"",AND(OR(ISNUMBER(AF21),AF21=""),AND(ISNUMBER($J21),$J21>0))),'Feuille de Donnée'!$K$13,""),IF(AF21<$J$165*'Feuille de Donnée'!$I$9,"Négligeable",(IF(AND(AD21>=$H21*(1-'Feuille de Donnée'!$E$12),AD21<=$H21*(1+'Feuille de Donnée'!$F$12)),'Feuille de Donnée'!$F$17,IF(AD21<$H21*(1-'Feuille de Donnée'!$E$12),'Feuille de Donnée'!$F$18,'Feuille de Donnée'!$F$16))&""&IF(AND(AE21>=$I21*(1-'Feuille de Donnée'!$E$27),AE21<=$I21*(1+'Feuille de Donnée'!$F$27)),'Feuille de Donnée'!$F$32,IF(AE21<$I21*(1-'Feuille de Donnée'!$E$27),'Feuille de Donnée'!$F$33,'Feuille de Donnée'!$F$31))))) | AO21: =IF(ISBLANK(AL21),"",ROUND(AM21*AN21,2)) | AP21: =IF($H21=0,"",(AM21/$H21-1)) | AQ21: =IF($I21=0,"",(AN21/$I21-1)) | AR21: =IF(AND(ISBLANK(AT21),AS21=""),"",1+MAX(AR$18:AR20)) | AS21: =IF(OR(AO21="",AO21=0,$J21="",$J21=0,NOT(ISNUMBER($J21)),NOT(ISNUMBER(AO21))),IF(AND($G21<>"",AND(OR(ISNUMBER(AO21),AO21=""),AND(ISNUMBER($J21),$J21>0))),'Feuille de Donnée'!$K$13,""),IF(AO21<$J$165*'Feuille de Donnée'!$I$9,"Négligeable",(IF(AND(AM21>=$H21*(1-'Feuille de Donnée'!$E$12),AM21<=$H21*(1+'Feuille de Donnée'!$F$12)),'Feuille de Donnée'!$F$17,IF(AM21<$H21*(1-'Feuille de Donnée'!$E$12),'Feuille de Donnée'!$F$18,'Feuille de Donnée'!$F$16))&""&IF(AND(AN21>=$I21*(1-'Feuille de Donnée'!$E$27),AN21<=$I21*(1+'Feuille de Donnée'!$F$27)),'Feuille de Donnée'!$F$32,IF(AN21<$I21*(1-'Feuille de Donnée'!$E$27),'Feuille de Donnée'!$F$33,'Feuille de Donnée'!$F$31))))) | AX21: =IF(ISBLANK(AU21),"",ROUND(AV21*AW21,2)) | AY21: =IF($H21=0,"",(AV21/$H21-1)) | AZ21: =IF($I21=0,"",(AW21/$I21-1)) | BA21: =IF(AND(ISBLANK(BC21),BB21=""),"",1+MAX(BA$18:BA20)) | BB21: =IF(OR(AX21="",AX21=0,$J21="",$J21=0,NOT(ISNUMBER($J21)),NOT(ISNUMBER(AX21))),IF(AND($G21<>"",AND(OR(ISNUMBER(AX21),AX21=""),AND(ISNUMBER($J21),$J21>0))),'Feuille de Donnée'!$K$13,""),IF(AX21<$J$165*'Feuille de Donnée'!$I$9,"Négligeable",(IF(AND(AV21>=$H21*(1-'Feuille de Donnée'!$E$12),AV21<=$H21*(1+'Feuille de Donnée'!$F$12)),'Feuille de Donnée'!$F$17,IF(AV21<$H21*(1-'Feuille de Donnée'!$E$12),'Feuille de Donnée'!$F$18,'Feuille de Donnée'!$F$16))&""&IF(AND(AW21>=$I21*(1-'Feuille de Donnée'!$E$27),AW21<=$I21*(1+'Feuille de Donnée'!$F$27)),'Feuille de Donnée'!$F$32,IF(AW21<$I21*(1-'Feuille de Donnée'!$E$27),'Feuille de Donnée'!$F$33,'Feuille de Donnée'!$F$31))))) | BG21: =IF(ISBLANK(BD21),"",ROUND(BE21*BF21,2)) | BH21: =IF($H21=0,"",(BE21/$H21-1)) | BI21: =IF($I21=0,"",(BF21/$I21-1)) | BJ21: =IF(AND(ISBLANK(BL21),BK21=""),"",1+MAX(BJ$18:BJ20)) | BK21: =IF(OR(BG21="",BG21=0,$J21="",$J21=0,NOT(ISNUMBER($J21)),NOT(ISNUMBER(BG21))),IF(AND($G21<>"",AND(OR(ISNUMBER(BG21),BG21=""),AND(ISNUMBER($J21),$J21>0))),'Feuille de Donnée'!$K$13,""),IF(BG21<$J$165*'Feuille de Donnée'!$I$9,"Négligeable",(IF(AND(BE21>=$H21*(1-'Feuille de Donnée'!$E$12),BE21<=$H21*(1+'Feuille de Donnée'!$F$12)),'Feuille de Donnée'!$F$17,IF(BE21<$H21*(1-'Feuille de Donnée'!$E$12),'Feuille de Donnée'!$F$18,'Feuille de Donnée'!$F$16))&""&IF(AND(BF21>=$I21*(1-'Feuille de Donnée'!$E$27),BF21<=$I21*(1+'Feuille de Donnée'!$F$27)),'Feuille de Donnée'!$F$32,IF(BF21<$I21*(1-'Feuille de Donnée'!$E$27),'Feuille de Donnée'!$F$33,'Feuille de Donnée'!$F$31)))))
J22: =IF(ISBLANK(G22),"",ROUND(H22*I22,2)) | N22: =IF(ISBLANK(K22),"",ROUND(L22*M22,2)) | O22: =IF($H22=0,"",(L22/$H22-1)) | P22: =IF($I22=0,"",(M22/$I22-1)) | Q22: =IF(AND(ISBLANK(S22),R22=""),"",1+MAX(Q$18:Q21)) | R22: =IF(OR(N22="",N22=0,$J22="",$J22=0,NOT(ISNUMBER($J22)),NOT(ISNUMBER(N22))),IF(AND($G22<>"",AND(OR(ISNUMBER(N22),N22=""),AND(ISNUMBER($J22),$J22>0))),'Feuille de Donnée'!$K$13,""),IF(N22<$J$165*'Feuille de Donnée'!$I$9,"Négligeable",(IF(AND(L22>=$H22*(1-'Feuille de Donnée'!$E$12),L22<=$H22*(1+'Feuille de Donnée'!$F$12)),'Feuille de Donnée'!$F$17,IF(L22<$H22*(1-'Feuille de Donnée'!$E$12),'Feuille de Donnée'!$F$18,'Feuille de Donnée'!$F$16))&""&IF(AND(M22>=$I22*(1-'Feuille de Donnée'!$E$27),M22<=$I22*(1+'Feuille de Donnée'!$F$27)),'Feuille de Donnée'!$F$32,IF(M22<$I22*(1-'Feuille de Donnée'!$E$27),'Feuille de Donnée'!$F$33,'Feuille de Donnée'!$F$31))))) | W22: =IF(ISBLANK(T22),"",ROUND(U22*V22,2)) | X22: =IF($H22=0,"",(U22/$H22-1)) | Y22: =IF($I22=0,"",(V22/$I22-1)) | Z22: =IF(AND(ISBLANK(AB22),AA22=""),"",1+MAX(Z$18:Z21)) | AA22: =IF(OR(W22="",W22=0,$J22="",$J22=0,NOT(ISNUMBER($J22)),NOT(ISNUMBER(W22))),IF(AND($G22<>"",AND(OR(ISNUMBER(W22),W22=""),AND(ISNUMBER($J22),$J22>0))),'Feuille de Donnée'!$K$13,""),IF(W22<$J$165*'Feuille de Donnée'!$I$9,"Négligeable",(IF(AND(U22>=$H22*(1-'Feuille de Donnée'!$E$12),U22<=$H22*(1+'Feuille de Donnée'!$F$12)),'Feuille de Donnée'!$F$17,IF(U22<$H22*(1-'Feuille de Donnée'!$E$12),'Feuille de Donnée'!$F$18,'Feuille de Donnée'!$F$16))&""&IF(AND(V22>=$I22*(1-'Feuille de Donnée'!$E$27),V22<=$I22*(1+'Feuille de Donnée'!$F$27)),'Feuille de Donnée'!$F$32,IF(V22<$I22*(1-'Feuille de Donnée'!$E$27),'Feuille de Donnée'!$F$33,'Feuille de Donnée'!$F$31))))) | AF22: =IF(ISBLANK(AC22),"",ROUND(AD22*AE22,2)) | AG22: =IF($H22=0,"",(AD22/$H22-1)) | AH22: =IF($I22=0,"",(AE22/$I22-1)) | AI22: =IF(AND(ISBLANK(AK22),AJ22=""),"",1+MAX(AI$18:AI21)) | AJ22: =IF(OR(AF22="",AF22=0,$J22="",$J22=0,NOT(ISNUMBER($J22)),NOT(ISNUMBER(AF22))),IF(AND($G22<>"",AND(OR(ISNUMBER(AF22),AF22=""),AND(ISNUMBER($J22),$J22>0))),'Feuille de Donnée'!$K$13,""),IF(AF22<$J$165*'Feuille de Donnée'!$I$9,"Négligeable",(IF(AND(AD22>=$H22*(1-'Feuille de Donnée'!$E$12),AD22<=$H22*(1+'Feuille de Donnée'!$F$12)),'Feuille de Donnée'!$F$17,IF(AD22<$H22*(1-'Feuille de Donnée'!$E$12),'Feuille de Donnée'!$F$18,'Feuille de Donnée'!$F$16))&""&IF(AND(AE22>=$I22*(1-'Feuille de Donnée'!$E$27),AE22<=$I22*(1+'Feuille de Donnée'!$F$27)),'Feuille de Donnée'!$F$32,IF(AE22<$I22*(1-'Feuille de Donnée'!$E$27),'Feuille de Donnée'!$F$33,'Feuille de Donnée'!$F$31))))) | AO22: =IF(ISBLANK(AL22),"",ROUND(AM22*AN22,2)) | AP22: =IF($H22=0,"",(AM22/$H22-1)) | AQ22: =IF($I22=0,"",(AN22/$I22-1)) | AR22: =IF(AND(ISBLANK(AT22),AS22=""),"",1+MAX(AR$18:AR21)) | AS22: =IF(OR(AO22="",AO22=0,$J22="",$J22=0,NOT(ISNUMBER($J22)),NOT(ISNUMBER(AO22))),IF(AND($G22<>"",AND(OR(ISNUMBER(AO22),AO22=""),AND(ISNUMBER($J22),$J22>0))),'Feuille de Donnée'!$K$13,""),IF(AO22<$J$165*'Feuille de Donnée'!$I$9,"Négligeable",(IF(AND(AM22>=$H22*(1-'Feuille de Donnée'!$E$12),AM22<=$H22*(1+'Feuille de Donnée'!$F$12)),'Feuille de Donnée'!$F$17,IF(AM22<$H22*(1-'Feuille de Donnée'!$E$12),'Feuille de Donnée'!$F$18,'Feuille de Donnée'!$F$16))&""&IF(AND(AN22>=$I22*(1-'Feuille de Donnée'!$E$27),AN22<=$I22*(1+'Feuille de Donnée'!$F$27)),'Feuille de Donnée'!$F$32,IF(AN22<$I22*(1-'Feuille de Donnée'!$E$27),'Feuille de Donnée'!$F$33,'Feuille de Donnée'!$F$31))))) | AX22: =IF(ISBLANK(AU22),"",ROUND(AV22*AW22,2)) | AY22: =IF($H22=0,"",(AV22/$H22-1)) | AZ22: =IF($I22=0,"",(AW22/$I22-1)) | BA22: =IF(AND(ISBLANK(BC22),BB22=""),"",1+MAX(BA$18:BA21)) | BB22: =IF(OR(AX22="",AX22=0,$J22="",$J22=0,NOT(ISNUMBER($J22)),NOT(ISNUMBER(AX22))),IF(AND($G22<>"",AND(OR(ISNUMBER(AX22),AX22=""),AND(ISNUMBER($J22),$J22>0))),'Feuille de Donnée'!$K$13,""),IF(AX22<$J$165*'Feuille de Donnée'!$I$9,"Négligeable",(IF(AND(AV22>=$H22*(1-'Feuille de Donnée'!$E$12),AV22<=$H22*(1+'Feuille de Donnée'!$F$12)),'Feuille de Donnée'!$F$17,IF(AV22<$H22*(1-'Feuille de Donnée'!$E$12),'Feuille de Donnée'!$F$18,'Feuille de Donnée'!$F$16))&""&IF(AND(AW22>=$I22*(1-'Feuille de Donnée'!$E$27),AW22<=$I22*(1+'Feuille de Donnée'!$F$27)),'Feuille de Donnée'!$F$32,IF(AW22<$I22*(1-'Feuille de Donnée'!$E$27),'Feuille de Donnée'!$F$33,'Feuille de Donnée'!$F$31))))) | BG22: =IF(ISBLANK(BD22),"",ROUND(BE22*BF22,2)) | BH22: =IF($H22=0,"",(BE22/$H22-1)) | BI22: =IF($I22=0,"",(BF22/$I22-1)) | BJ22: =IF(AND(ISBLANK(BL22),BK22=""),"",1+MAX(BJ$18:BJ21)) | BK22: =IF(OR(BG22="",BG22=0,$J22="",$J22=0,NOT(ISNUMBER($J22)),NOT(ISNUMBER(BG22))),IF(AND($G22<>"",AND(OR(ISNUMBER(BG22),BG22=""),AND(ISNUMBER($J22),$J22>0))),'Feuille de Donnée'!$K$13,""),IF(BG22<$J$165*'Feuille de Donnée'!$I$9,"Négligeable",(IF(AND(BE22>=$H22*(1-'Feuille de Donnée'!$E$12),BE22<=$H22*(1+'Feuille de Donnée'!$F$12)),'Feuille de Donnée'!$F$17,IF(BE22<$H22*(1-'Feuille de Donnée'!$E$12),'Feuille de Donnée'!$F$18,'Feuille de Donnée'!$F$16))&""&IF(AND(BF22>=$I22*(1-'Feuille de Donnée'!$E$27),BF22<=$I22*(1+'Feuille de Donnée'!$F$27)),'Feuille de Donnée'!$F$32,IF(BF22<$I22*(1-'Feuille de Donnée'!$E$27),'Feuille de Donnée'!$F$33,'Feuille de Donnée'!$F$31)))))
J23: =IF(ISBLANK(G23),"",ROUND(H23*I23,2)) | N23: =IF(ISBLANK(K23),"",ROUND(L23*M23,2)) | O23: =IF($H23=0,"",(L23/$H23-1)) | P23: =IF($I23=0,"",(M23/$I23-1)) | Q23: =IF(AND(ISBLANK(S23),R23=""),"",1+MAX(Q$18:Q22)) | R23: =IF(OR(N23="",N23=0,$J23="",$J23=0,NOT(ISNUMBER($J23)),NOT(ISNUMBER(N23))),IF(AND($G23<>"",AND(OR(ISNUMBER(N23),N23=""),AND(ISNUMBER($J23),$J23>0))),'Feuille de Donnée'!$K$13,""),IF(N23<$J$165*'Feuille de Donnée'!$I$9,"Négligeable",(IF(AND(L23>=$H23*(1-'Feuille de Donnée'!$E$12),L23<=$H23*(1+'Feuille de Donnée'!$F$12)),'Feuille de Donnée'!$F$17,IF(L23<$H23*(1-'Feuille de Donnée'!$E$12),'Feuille de Donnée'!$F$18,'Feuille de Donnée'!$F$16))&""&IF(AND(M23>=$I23*(1-'Feuille de Donnée'!$E$27),M23<=$I23*(1+'Feuille de Donnée'!$F$27)),'Feuille de Donnée'!$F$32,IF(M23<$I23*(1-'Feuille de Donnée'!$E$27),'Feuille de Donnée'!$F$33,'Feuille de Donnée'!$F$31))))) | W23: =IF(ISBLANK(T23),"",ROUND(U23*V23,2)) | X23: =IF($H23=0,"",(U23/$H23-1)) | Y23: =IF($I23=0,"",(V23/$I23-1)) | Z23: =IF(AND(ISBLANK(AB23),AA23=""),"",1+MAX(Z$18:Z22)) | AA23: =IF(OR(W23="",W23=0,$J23="",$J23=0,NOT(ISNUMBER($J23)),NOT(ISNUMBER(W23))),IF(AND($G23<>"",AND(OR(ISNUMBER(W23),W23=""),AND(ISNUMBER($J23),$J23>0))),'Feuille de Donnée'!$K$13,""),IF(W23<$J$165*'Feuille de Donnée'!$I$9,"Négligeable",(IF(AND(U23>=$H23*(1-'Feuille de Donnée'!$E$12),U23<=$H23*(1+'Feuille de Donnée'!$F$12)),'Feuille de Donnée'!$F$17,IF(U23<$H23*(1-'Feuille de Donnée'!$E$12),'Feuille de Donnée'!$F$18,'Feuille de Donnée'!$F$16))&""&IF(AND(V23>=$I23*(1-'Feuille de Donnée'!$E$27),V23<=$I23*(1+'Feuille de Donnée'!$F$27)),'Feuille de Donnée'!$F$32,IF(V23<$I23*(1-'Feuille de Donnée'!$E$27),'Feuille de Donnée'!$F$33,'Feuille de Donnée'!$F$31))))) | AF23: =IF(ISBLANK(AC23),"",ROUND(AD23*AE23,2)) | AG23: =IF($H23=0,"",(AD23/$H23-1)) | AH23: =IF($I23=0,"",(AE23/$I23-1)) | AI23: =IF(AND(ISBLANK(AK23),AJ23=""),"",1+MAX(AI$18:AI22)) | AJ23: =IF(OR(AF23="",AF23=0,$J23="",$J23=0,NOT(ISNUMBER($J23)),NOT(ISNUMBER(AF23))),IF(AND($G23<>"",AND(OR(ISNUMBER(AF23),AF23=""),AND(ISNUMBER($J23),$J23>0))),'Feuille de Donnée'!$K$13,""),IF(AF23<$J$165*'Feuille de Donnée'!$I$9,"Négligeable",(IF(AND(AD23>=$H23*(1-'Feuille de Donnée'!$E$12),AD23<=$H23*(1+'Feuille de Donnée'!$F$12)),'Feuille de Donnée'!$F$17,IF(AD23<$H23*(1-'Feuille de Donnée'!$E$12),'Feuille de Donnée'!$F$18,'Feuille de Donnée'!$F$16))&""&IF(AND(AE23>=$I23*(1-'Feuille de Donnée'!$E$27),AE23<=$I23*(1+'Feuille de Donnée'!$F$27)),'Feuille de Donnée'!$F$32,IF(AE23<$I23*(1-'Feuille de Donnée'!$E$27),'Feuille de Donnée'!$F$33,'Feuille de Donnée'!$F$31))))) | AO23: =IF(ISBLANK(AL23),"",ROUND(AM23*AN23,2)) | AP23: =IF($H23=0,"",(AM23/$H23-1)) | AQ23: =IF($I23=0,"",(AN23/$I23-1)) | AR23: =IF(AND(ISBLANK(AT23),AS23=""),"",1+MAX(AR$18:AR22)) | AS23: =IF(OR(AO23="",AO23=0,$J23="",$J23=0,NOT(ISNUMBER($J23)),NOT(ISNUMBER(AO23))),IF(AND($G23<>"",AND(OR(ISNUMBER(AO23),AO23=""),AND(ISNUMBER($J23),$J23>0))),'Feuille de Donnée'!$K$13,""),IF(AO23<$J$165*'Feuille de Donnée'!$I$9,"Négligeable",(IF(AND(AM23>=$H23*(1-'Feuille de Donnée'!$E$12),AM23<=$H23*(1+'Feuille de Donnée'!$F$12)),'Feuille de Donnée'!$F$17,IF(AM23<$H23*(1-'Feuille de Donnée'!$E$12),'Feuille de Donnée'!$F$18,'Feuille de Donnée'!$F$16))&""&IF(AND(AN23>=$I23*(1-'Feuille de Donnée'!$E$27),AN23<=$I23*(1+'Feuille de Donnée'!$F$27)),'Feuille de Donnée'!$F$32,IF(AN23<$I23*(1-'Feuille de Donnée'!$E$27),'Feuille de Donnée'!$F$33,'Feuille de Donnée'!$F$31))))) | AX23: =IF(ISBLANK(AU23),"",ROUND(AV23*AW23,2)) | AY23: =IF($H23=0,"",(AV23/$H23-1)) | AZ23: =IF($I23=0,"",(AW23/$I23-1)) | BA23: =IF(AND(ISBLANK(BC23),BB23=""),"",1+MAX(BA$18:BA22)) | BB23: =IF(OR(AX23="",AX23=0,$J23="",$J23=0,NOT(ISNUMBER($J23)),NOT(ISNUMBER(AX23))),IF(AND($G23<>"",AND(OR(ISNUMBER(AX23),AX23=""),AND(ISNUMBER($J23),$J23>0))),'Feuille de Donnée'!$K$13,""),IF(AX23<$J$165*'Feuille de Donnée'!$I$9,"Négligeable",(IF(AND(AV23>=$H23*(1-'Feuille de Donnée'!$E$12),AV23<=$H23*(1+'Feuille de Donnée'!$F$12)),'Feuille de Donnée'!$F$17,IF(AV23<$H23*(1-'Feuille de Donnée'!$E$12),'Feuille de Donnée'!$F$18,'Feuille de Donnée'!$F$16))&""&IF(AND(AW23>=$I23*(1-'Feuille de Donnée'!$E$27),AW23<=$I23*(1+'Feuille de Donnée'!$F$27)),'Feuille de Donnée'!$F$32,IF(AW23<$I23*(1-'Feuille de Donnée'!$E$27),'Feuille de Donnée'!$F$33,'Feuille de Donnée'!$F$31))))) | BG23: =IF(ISBLANK(BD23),"",ROUND(BE23*BF23,2)) | BH23: =IF($H23=0,"",(BE23/$H23-1)) | BI23: =IF($I23=0,"",(BF23/$I23-1)) | BJ23: =IF(AND(ISBLANK(BL23),BK23=""),"",1+MAX(BJ$18:BJ22)) | BK23: =IF(OR(BG23="",BG23=0,$J23="",$J23=0,NOT(ISNUMBER($J23)),NOT(ISNUMBER(BG23))),IF(AND($G23<>"",AND(OR(ISNUMBER(BG23),BG23=""),AND(ISNUMBER($J23),$J23>0))),'Feuille de Donnée'!$K$13,""),IF(BG23<$J$165*'Feuille de Donnée'!$I$9,"Négligeable",(IF(AND(BE23>=$H23*(1-'Feuille de Donnée'!$E$12),BE23<=$H23*(1+'Feuille de Donnée'!$F$12)),'Feuille de Donnée'!$F$17,IF(BE23<$H23*(1-'Feuille de Donnée'!$E$12),'Feuille de Donnée'!$F$18,'Feuille de Donnée'!$F$16))&""&IF(AND(BF23>=$I23*(1-'Feuille de Donnée'!$E$27),BF23<=$I23*(1+'Feuille de Donnée'!$F$27)),'Feuille de Donnée'!$F$32,IF(BF23<$I23*(1-'Feuille de Donnée'!$E$27),'Feuille de Donnée'!$F$33,'Feuille de Donnée'!$F$31)))))
J24: =IF(ISBLANK(G24),"",ROUND(H24*I24,2)) | N24: =IF(ISBLANK(K24),"",ROUND(L24*M24,2)) | O24: =IF($H24=0,"",(L24/$H24-1)) | P24: =IF($I24=0,"",(M24/$I24-1)) | Q24: =IF(AND(ISBLANK(S24),R24=""),"",1+MAX(Q$18:Q23)) | R24: =IF(OR(N24="",N24=0,$J24="",$J24=0,NOT(ISNUMBER($J24)),NOT(ISNUMBER(N24))),IF(AND($G24<>"",AND(OR(ISNUMBER(N24),N24=""),AND(ISNUMBER($J24),$J24>0))),'Feuille de Donnée'!$K$13,""),IF(N24<$J$165*'Feuille de Donnée'!$I$9,"Négligeable",(IF(AND(L24>=$H24*(1-'Feuille de Donnée'!$E$12),L24<=$H24*(1+'Feuille de Donnée'!$F$12)),'Feuille de Donnée'!$F$17,IF(L24<$H24*(1-'Feuille de Donnée'!$E$12),'Feuille de Donnée'!$F$18,'Feuille de Donnée'!$F$16))&""&IF(AND(M24>=$I24*(1-'Feuille de Donnée'!$E$27),M24<=$I24*(1+'Feuille de Donnée'!$F$27)),'Feuille de Donnée'!$F$32,IF(M24<$I24*(1-'Feuille de Donnée'!$E$27),'Feuille de Donnée'!$F$33,'Feuille de Donnée'!$F$31))))) | W24: =IF(ISBLANK(T24),"",ROUND(U24*V24,2)) | X24: =IF($H24=0,"",(U24/$H24-1)) | Y24: =IF($I24=0,"",(V24/$I24-1)) | Z24: =IF(AND(ISBLANK(AB24),AA24=""),"",1+MAX(Z$18:Z23)) | AA24: =IF(OR(W24="",W24=0,$J24="",$J24=0,NOT(ISNUMBER($J24)),NOT(ISNUMBER(W24))),IF(AND($G24<>"",AND(OR(ISNUMBER(W24),W24=""),AND(ISNUMBER($J24),$J24>0))),'Feuille de Donnée'!$K$13,""),IF(W24<$J$165*'Feuille de Donnée'!$I$9,"Négligeable",(IF(AND(U24>=$H24*(1-'Feuille de Donnée'!$E$12),U24<=$H24*(1+'Feuille de Donnée'!$F$12)),'Feuille de Donnée'!$F$17,IF(U24<$H24*(1-'Feuille de Donnée'!$E$12),'Feuille de Donnée'!$F$18,'Feuille de Donnée'!$F$16))&""&IF(AND(V24>=$I24*(1-'Feuille de Donnée'!$E$27),V24<=$I24*(1+'Feuille de Donnée'!$F$27)),'Feuille de Donnée'!$F$32,IF(V24<$I24*(1-'Feuille de Donnée'!$E$27),'Feuille de Donnée'!$F$33,'Feuille de Donnée'!$F$31))))) | AF24: =IF(ISBLANK(AC24),"",ROUND(AD24*AE24,2)) | AG24: =IF($H24=0,"",(AD24/$H24-1)) | AH24: =IF($I24=0,"",(AE24/$I24-1)) | AI24: =IF(AND(ISBLANK(AK24),AJ24=""),"",1+MAX(AI$18:AI23)) | AJ24: =IF(OR(AF24="",AF24=0,$J24="",$J24=0,NOT(ISNUMBER($J24)),NOT(ISNUMBER(AF24))),IF(AND($G24<>"",AND(OR(ISNUMBER(AF24),AF24=""),AND(ISNUMBER($J24),$J24>0))),'Feuille de Donnée'!$K$13,""),IF(AF24<$J$165*'Feuille de Donnée'!$I$9,"Négligeable",(IF(AND(AD24>=$H24*(1-'Feuille de Donnée'!$E$12),AD24<=$H24*(1+'Feuille de Donnée'!$F$12)),'Feuille de Donnée'!$F$17,IF(AD24<$H24*(1-'Feuille de Donnée'!$E$12),'Feuille de Donnée'!$F$18,'Feuille de Donnée'!$F$16))&""&IF(AND(AE24>=$I24*(1-'Feuille de Donnée'!$E$27),AE24<=$I24*(1+'Feuille de Donnée'!$F$27)),'Feuille de Donnée'!$F$32,IF(AE24<$I24*(1-'Feuille de Donnée'!$E$27),'Feuille de Donnée'!$F$33,'Feuille de Donnée'!$F$31))))) | AO24: =IF(ISBLANK(AL24),"",ROUND(AM24*AN24,2)) | AP24: =IF($H24=0,"",(AM24/$H24-1)) | AQ24: =IF($I24=0,"",(AN24/$I24-1)) | AR24: =IF(AND(ISBLANK(AT24),AS24=""),"",1+MAX(AR$18:AR23)) | AS24: =IF(OR(AO24="",AO24=0,$J24="",$J24=0,NOT(ISNUMBER($J24)),NOT(ISNUMBER(AO24))),IF(AND($G24<>"",AND(OR(ISNUMBER(AO24),AO24=""),AND(ISNUMBER($J24),$J24>0))),'Feuille de Donnée'!$K$13,""),IF(AO24<$J$165*'Feuille de Donnée'!$I$9,"Négligeable",(IF(AND(AM24>=$H24*(1-'Feuille de Donnée'!$E$12),AM24<=$H24*(1+'Feuille de Donnée'!$F$12)),'Feuille de Donnée'!$F$17,IF(AM24<$H24*(1-'Feuille de Donnée'!$E$12),'Feuille de Donnée'!$F$18,'Feuille de Donnée'!$F$16))&""&IF(AND(AN24>=$I24*(1-'Feuille de Donnée'!$E$27),AN24<=$I24*(1+'Feuille de Donnée'!$F$27)),'Feuille de Donnée'!$F$32,IF(AN24<$I24*(1-'Feuille de Donnée'!$E$27),'Feuille de Donnée'!$F$33,'Feuille de Donnée'!$F$31))))) | AX24: =IF(ISBLANK(AU24),"",ROUND(AV24*AW24,2)) | AY24: =IF($H24=0,"",(AV24/$H24-1)) | AZ24: =IF($I24=0,"",(AW24/$I24-1)) | BA24: =IF(AND(ISBLANK(BC24),BB24=""),"",1+MAX(BA$18:BA23)) | BB24: =IF(OR(AX24="",AX24=0,$J24="",$J24=0,NOT(ISNUMBER($J24)),NOT(ISNUMBER(AX24))),IF(AND($G24<>"",AND(OR(ISNUMBER(AX24),AX24=""),AND(ISNUMBER($J24),$J24>0))),'Feuille de Donnée'!$K$13,""),IF(AX24<$J$165*'Feuille de Donnée'!$I$9,"Négligeable",(IF(AND(AV24>=$H24*(1-'Feuille de Donnée'!$E$12),AV24<=$H24*(1+'Feuille de Donnée'!$F$12)),'Feuille de Donnée'!$F$17,IF(AV24<$H24*(1-'Feuille de Donnée'!$E$12),'Feuille de Donnée'!$F$18,'Feuille de Donnée'!$F$16))&""&IF(AND(AW24>=$I24*(1-'Feuille de Donnée'!$E$27),AW24<=$I24*(1+'Feuille de Donnée'!$F$27)),'Feuille de Donnée'!$F$32,IF(AW24<$I24*(1-'Feuille de Donnée'!$E$27),'Feuille de Donnée'!$F$33,'Feuille de Donnée'!$F$31))))) | BG24: =IF(ISBLANK(BD24),"",ROUND(BE24*BF24,2)) | BH24: =IF($H24=0,"",(BE24/$H24-1)) | BI24: =IF($I24=0,"",(BF24/$I24-1)) | BJ24: =IF(AND(ISBLANK(BL24),BK24=""),"",1+MAX(BJ$18:BJ23)) | BK24: =IF(OR(BG24="",BG24=0,$J24="",$J24=0,NOT(ISNUMBER($J24)),NOT(ISNUMBER(BG24))),IF(AND($G24<>"",AND(OR(ISNUMBER(BG24),BG24=""),AND(ISNUMBER($J24),$J24>0))),'Feuille de Donnée'!$K$13,""),IF(BG24<$J$165*'Feuille de Donnée'!$I$9,"Négligeable",(IF(AND(BE24>=$H24*(1-'Feuille de Donnée'!$E$12),BE24<=$H24*(1+'Feuille de Donnée'!$F$12)),'Feuille de Donnée'!$F$17,IF(BE24<$H24*(1-'Feuille de Donnée'!$E$12),'Feuille de Donnée'!$F$18,'Feuille de Donnée'!$F$16))&""&IF(AND(BF24>=$I24*(1-'Feuille de Donnée'!$E$27),BF24<=$I24*(1+'Feuille de Donnée'!$F$27)),'Feuille de Donnée'!$F$32,IF(BF24<$I24*(1-'Feuille de Donnée'!$E$27),'Feuille de Donnée'!$F$33,'Feuille de Donnée'!$F$31)))))
J25: =IF(ISBLANK(G25),"",ROUND(H25*I25,2)) | N25: =IF(ISBLANK(K25),"",ROUND(L25*M25,2)) | O25: =IF($H25=0,"",(L25/$H25-1)) | P25: =IF($I25=0,"",(M25/$I25-1)) | Q25: =IF(AND(ISBLANK(S25),R25=""),"",1+MAX(Q$18:Q24)) | R25: =IF(OR(N25="",N25=0,$J25="",$J25=0,NOT(ISNUMBER($J25)),NOT(ISNUMBER(N25))),IF(AND($G25<>"",AND(OR(ISNUMBER(N25),N25=""),AND(ISNUMBER($J25),$J25>0))),'Feuille de Donnée'!$K$13,""),IF(N25<$J$165*'Feuille de Donnée'!$I$9,"Négligeable",(IF(AND(L25>=$H25*(1-'Feuille de Donnée'!$E$12),L25<=$H25*(1+'Feuille de Donnée'!$F$12)),'Feuille de Donnée'!$F$17,IF(L25<$H25*(1-'Feuille de Donnée'!$E$12),'Feuille de Donnée'!$F$18,'Feuille de Donnée'!$F$16))&""&IF(AND(M25>=$I25*(1-'Feuille de Donnée'!$E$27),M25<=$I25*(1+'Feuille de Donnée'!$F$27)),'Feuille de Donnée'!$F$32,IF(M25<$I25*(1-'Feuille de Donnée'!$E$27),'Feuille de Donnée'!$F$33,'Feuille de Donnée'!$F$31))))) | W25: =IF(ISBLANK(T25),"",ROUND(U25*V25,2)) | X25: =IF($H25=0,"",(U25/$H25-1)) | Y25: =IF($I25=0,"",(V25/$I25-1)) | Z25: =IF(AND(ISBLANK(AB25),AA25=""),"",1+MAX(Z$18:Z24)) | AA25: =IF(OR(W25="",W25=0,$J25="",$J25=0,NOT(ISNUMBER($J25)),NOT(ISNUMBER(W25))),IF(AND($G25<>"",AND(OR(ISNUMBER(W25),W25=""),AND(ISNUMBER($J25),$J25>0))),'Feuille de Donnée'!$K$13,""),IF(W25<$J$165*'Feuille de Donnée'!$I$9,"Négligeable",(IF(AND(U25>=$H25*(1-'Feuille de Donnée'!$E$12),U25<=$H25*(1+'Feuille de Donnée'!$F$12)),'Feuille de Donnée'!$F$17,IF(U25<$H25*(1-'Feuille de Donnée'!$E$12),'Feuille de Donnée'!$F$18,'Feuille de Donnée'!$F$16))&""&IF(AND(V25>=$I25*(1-'Feuille de Donnée'!$E$27),V25<=$I25*(1+'Feuille de Donnée'!$F$27)),'Feuille de Donnée'!$F$32,IF(V25<$I25*(1-'Feuille de Donnée'!$E$27),'Feuille de Donnée'!$F$33,'Feuille de Donnée'!$F$31))))) | AF25: =IF(ISBLANK(AC25),"",ROUND(AD25*AE25,2)) | AG25: =IF($H25=0,"",(AD25/$H25-1)) | AH25: =IF($I25=0,"",(AE25/$I25-1)) | AI25: =IF(AND(ISBLANK(AK25),AJ25=""),"",1+MAX(AI$18:AI24)) | AJ25: =IF(OR(AF25="",AF25=0,$J25="",$J25=0,NOT(ISNUMBER($J25)),NOT(ISNUMBER(AF25))),IF(AND($G25<>"",AND(OR(ISNUMBER(AF25),AF25=""),AND(ISNUMBER($J25),$J25>0))),'Feuille de Donnée'!$K$13,""),IF(AF25<$J$165*'Feuille de Donnée'!$I$9,"Négligeable",(IF(AND(AD25>=$H25*(1-'Feuille de Donnée'!$E$12),AD25<=$H25*(1+'Feuille de Donnée'!$F$12)),'Feuille de Donnée'!$F$17,IF(AD25<$H25*(1-'Feuille de Donnée'!$E$12),'Feuille de Donnée'!$F$18,'Feuille de Donnée'!$F$16))&""&IF(AND(AE25>=$I25*(1-'Feuille de Donnée'!$E$27),AE25<=$I25*(1+'Feuille de Donnée'!$F$27)),'Feuille de Donnée'!$F$32,IF(AE25<$I25*(1-'Feuille de Donnée'!$E$27),'Feuille de Donnée'!$F$33,'Feuille de Donnée'!$F$31))))) | AO25: =IF(ISBLANK(AL25),"",ROUND(AM25*AN25,2)) | AP25: =IF($H25=0,"",(AM25/$H25-1)) | AQ25: =IF($I25=0,"",(AN25/$I25-1)) | AR25: =IF(AND(ISBLANK(AT25),AS25=""),"",1+MAX(AR$18:AR24)) | AS25: =IF(OR(AO25="",AO25=0,$J25="",$J25=0,NOT(ISNUMBER($J25)),NOT(ISNUMBER(AO25))),IF(AND($G25<>"",AND(OR(ISNUMBER(AO25),AO25=""),AND(ISNUMBER($J25),$J25>0))),'Feuille de Donnée'!$K$13,""),IF(AO25<$J$165*'Feuille de Donnée'!$I$9,"Négligeable",(IF(AND(AM25>=$H25*(1-'Feuille de Donnée'!$E$12),AM25<=$H25*(1+'Feuille de Donnée'!$F$12)),'Feuille de Donnée'!$F$17,IF(AM25<$H25*(1-'Feuille de Donnée'!$E$12),'Feuille de Donnée'!$F$18,'Feuille de Donnée'!$F$16))&""&IF(AND(AN25>=$I25*(1-'Feuille de Donnée'!$E$27),AN25<=$I25*(1+'Feuille de Donnée'!$F$27)),'Feuille de Donnée'!$F$32,IF(AN25<$I25*(1-'Feuille de Donnée'!$E$27),'Feuille de Donnée'!$F$33,'Feuille de Donnée'!$F$31))))) | AX25: =IF(ISBLANK(AU25),"",ROUND(AV25*AW25,2)) | AY25: =IF($H25=0,"",(AV25/$H25-1)) | AZ25: =IF($I25=0,"",(AW25/$I25-1)) | BA25: =IF(AND(ISBLANK(BC25),BB25=""),"",1+MAX(BA$18:BA24)) | BB25: =IF(OR(AX25="",AX25=0,$J25="",$J25=0,NOT(ISNUMBER($J25)),NOT(ISNUMBER(AX25))),IF(AND($G25<>"",AND(OR(ISNUMBER(AX25),AX25=""),AND(ISNUMBER($J25),$J25>0))),'Feuille de Donnée'!$K$13,""),IF(AX25<$J$165*'Feuille de Donnée'!$I$9,"Négligeable",(IF(AND(AV25>=$H25*(1-'Feuille de Donnée'!$E$12),AV25<=$H25*(1+'Feuille de Donnée'!$F$12)),'Feuille de Donnée'!$F$17,IF(AV25<$H25*(1-'Feuille de Donnée'!$E$12),'Feuille de Donnée'!$F$18,'Feuille de Donnée'!$F$16))&""&IF(AND(AW25>=$I25*(1-'Feuille de Donnée'!$E$27),AW25<=$I25*(1+'Feuille de Donnée'!$F$27)),'Feuille de Donnée'!$F$32,IF(AW25<$I25*(1-'Feuille de Donnée'!$E$27),'Feuille de Donnée'!$F$33,'Feuille de Donnée'!$F$31))))) | BG25: =IF(ISBLANK(BD25),"",ROUND(BE25*BF25,2)) | BH25: =IF($H25=0,"",(BE25/$H25-1)) | BI25: =IF($I25=0,"",(BF25/$I25-1)) | BJ25: =IF(AND(ISBLANK(BL25),BK25=""),"",1+MAX(BJ$18:BJ24)) | BK25: =IF(OR(BG25="",BG25=0,$J25="",$J25=0,NOT(ISNUMBER($J25)),NOT(ISNUMBER(BG25))),IF(AND($G25<>"",AND(OR(ISNUMBER(BG25),BG25=""),AND(ISNUMBER($J25),$J25>0))),'Feuille de Donnée'!$K$13,""),IF(BG25<$J$165*'Feuille de Donnée'!$I$9,"Négligeable",(IF(AND(BE25>=$H25*(1-'Feuille de Donnée'!$E$12),BE25<=$H25*(1+'Feuille de Donnée'!$F$12)),'Feuille de Donnée'!$F$17,IF(BE25<$H25*(1-'Feuille de Donnée'!$E$12),'Feuille de Donnée'!$F$18,'Feuille de Donnée'!$F$16))&""&IF(AND(BF25>=$I25*(1-'Feuille de Donnée'!$E$27),BF25<=$I25*(1+'Feuille de Donnée'!$F$27)),'Feuille de Donnée'!$F$32,IF(BF25<$I25*(1-'Feuille de Donnée'!$E$27),'Feuille de Donnée'!$F$33,'Feuille de Donnée'!$F$31)))))
J26: =IF(ISBLANK(G26),"",ROUND(H26*I26,2)) | N26: =IF(ISBLANK(K26),"",ROUND(L26*M26,2)) | O26: =IF($H26=0,"",(L26/$H26-1)) | P26: =IF($I26=0,"",(M26/$I26-1)) | Q26: =IF(AND(ISBLANK(S26),R26=""),"",1+MAX(Q$18:Q25)) | R26: =IF(OR(N26="",N26=0,$J26="",$J26=0,NOT(ISNUMBER($J26)),NOT(ISNUMBER(N26))),IF(AND($G26<>"",AND(OR(ISNUMBER(N26),N26=""),AND(ISNUMBER($J26),$J26>0))),'Feuille de Donnée'!$K$13,""),IF(N26<$J$165*'Feuille de Donnée'!$I$9,"Négligeable",(IF(AND(L26>=$H26*(1-'Feuille de Donnée'!$E$12),L26<=$H26*(1+'Feuille de Donnée'!$F$12)),'Feuille de Donnée'!$F$17,IF(L26<$H26*(1-'Feuille de Donnée'!$E$12),'Feuille de Donnée'!$F$18,'Feuille de Donnée'!$F$16))&""&IF(AND(M26>=$I26*(1-'Feuille de Donnée'!$E$27),M26<=$I26*(1+'Feuille de Donnée'!$F$27)),'Feuille de Donnée'!$F$32,IF(M26<$I26*(1-'Feuille de Donnée'!$E$27),'Feuille de Donnée'!$F$33,'Feuille de Donnée'!$F$31))))) | W26: =IF(ISBLANK(T26),"",ROUND(U26*V26,2)) | X26: =IF($H26=0,"",(U26/$H26-1)) | Y26: =IF($I26=0,"",(V26/$I26-1)) | Z26: =IF(AND(ISBLANK(AB26),AA26=""),"",1+MAX(Z$18:Z25)) | AA26: =IF(OR(W26="",W26=0,$J26="",$J26=0,NOT(ISNUMBER($J26)),NOT(ISNUMBER(W26))),IF(AND($G26<>"",AND(OR(ISNUMBER(W26),W26=""),AND(ISNUMBER($J26),$J26>0))),'Feuille de Donnée'!$K$13,""),IF(W26<$J$165*'Feuille de Donnée'!$I$9,"Négligeable",(IF(AND(U26>=$H26*(1-'Feuille de Donnée'!$E$12),U26<=$H26*(1+'Feuille de Donnée'!$F$12)),'Feuille de Donnée'!$F$17,IF(U26<$H26*(1-'Feuille de Donnée'!$E$12),'Feuille de Donnée'!$F$18,'Feuille de Donnée'!$F$16))&""&IF(AND(V26>=$I26*(1-'Feuille de Donnée'!$E$27),V26<=$I26*(1+'Feuille de Donnée'!$F$27)),'Feuille de Donnée'!$F$32,IF(V26<$I26*(1-'Feuille de Donnée'!$E$27),'Feuille de Donnée'!$F$33,'Feuille de Donnée'!$F$31))))) | AF26: =IF(ISBLANK(AC26),"",ROUND(AD26*AE26,2)) | AG26: =IF($H26=0,"",(AD26/$H26-1)) | AH26: =IF($I26=0,"",(AE26/$I26-1)) | AI26: =IF(AND(ISBLANK(AK26),AJ26=""),"",1+MAX(AI$18:AI25)) | AJ26: =IF(OR(AF26="",AF26=0,$J26="",$J26=0,NOT(ISNUMBER($J26)),NOT(ISNUMBER(AF26))),IF(AND($G26<>"",AND(OR(ISNUMBER(AF26),AF26=""),AND(ISNUMBER($J26),$J26>0))),'Feuille de Donnée'!$K$13,""),IF(AF26<$J$165*'Feuille de Donnée'!$I$9,"Négligeable",(IF(AND(AD26>=$H26*(1-'Feuille de Donnée'!$E$12),AD26<=$H26*(1+'Feuille de Donnée'!$F$12)),'Feuille de Donnée'!$F$17,IF(AD26<$H26*(1-'Feuille de Donnée'!$E$12),'Feuille de Donnée'!$F$18,'Feuille de Donnée'!$F$16))&""&IF(AND(AE26>=$I26*(1-'Feuille de Donnée'!$E$27),AE26<=$I26*(1+'Feuille de Donnée'!$F$27)),'Feuille de Donnée'!$F$32,IF(AE26<$I26*(1-'Feuille de Donnée'!$E$27),'Feuille de Donnée'!$F$33,'Feuille de Donnée'!$F$31))))) | AO26: =IF(ISBLANK(AL26),"",ROUND(AM26*AN26,2)) | AP26: =IF($H26=0,"",(AM26/$H26-1)) | AQ26: =IF($I26=0,"",(AN26/$I26-1)) | AR26: =IF(AND(ISBLANK(AT26),AS26=""),"",1+MAX(AR$18:AR25)) | AS26: =IF(OR(AO26="",AO26=0,$J26="",$J26=0,NOT(ISNUMBER($J26)),NOT(ISNUMBER(AO26))),IF(AND($G26<>"",AND(OR(ISNUMBER(AO26),AO26=""),AND(ISNUMBER($J26),$J26>0))),'Feuille de Donnée'!$K$13,""),IF(AO26<$J$165*'Feuille de Donnée'!$I$9,"Négligeable",(IF(AND(AM26>=$H26*(1-'Feuille de Donnée'!$E$12),AM26<=$H26*(1+'Feuille de Donnée'!$F$12)),'Feuille de Donnée'!$F$17,IF(AM26<$H26*(1-'Feuille de Donnée'!$E$12),'Feuille de Donnée'!$F$18,'Feuille de Donnée'!$F$16))&""&IF(AND(AN26>=$I26*(1-'Feuille de Donnée'!$E$27),AN26<=$I26*(1+'Feuille de Donnée'!$F$27)),'Feuille de Donnée'!$F$32,IF(AN26<$I26*(1-'Feuille de Donnée'!$E$27),'Feuille de Donnée'!$F$33,'Feuille de Donnée'!$F$31))))) | AX26: =IF(ISBLANK(AU26),"",ROUND(AV26*AW26,2)) | AY26: =IF($H26=0,"",(AV26/$H26-1)) | AZ26: =IF($I26=0,"",(AW26/$I26-1)) | BA26: =IF(AND(ISBLANK(BC26),BB26=""),"",1+MAX(BA$18:BA25)) | BB26: =IF(OR(AX26="",AX26=0,$J26="",$J26=0,NOT(ISNUMBER($J26)),NOT(ISNUMBER(AX26))),IF(AND($G26<>"",AND(OR(ISNUMBER(AX26),AX26=""),AND(ISNUMBER($J26),$J26>0))),'Feuille de Donnée'!$K$13,""),IF(AX26<$J$165*'Feuille de Donnée'!$I$9,"Négligeable",(IF(AND(AV26>=$H26*(1-'Feuille de Donnée'!$E$12),AV26<=$H26*(1+'Feuille de Donnée'!$F$12)),'Feuille de Donnée'!$F$17,IF(AV26<$H26*(1-'Feuille de Donnée'!$E$12),'Feuille de Donnée'!$F$18,'Feuille de Donnée'!$F$16))&""&IF(AND(AW26>=$I26*(1-'Feuille de Donnée'!$E$27),AW26<=$I26*(1+'Feuille de Donnée'!$F$27)),'Feuille de Donnée'!$F$32,IF(AW26<$I26*(1-'Feuille de Donnée'!$E$27),'Feuille de Donnée'!$F$33,'Feuille de Donnée'!$F$31))))) | BG26: =IF(ISBLANK(BD26),"",ROUND(BE26*BF26,2)) | BH26: =IF($H26=0,"",(BE26/$H26-1)) | BI26: =IF($I26=0,"",(BF26/$I26-1)) | BJ26: =IF(AND(ISBLANK(BL26),BK26=""),"",1+MAX(BJ$18:BJ25)) | BK26: =IF(OR(BG26="",BG26=0,$J26="",$J26=0,NOT(ISNUMBER($J26)),NOT(ISNUMBER(BG26))),IF(AND($G26<>"",AND(OR(ISNUMBER(BG26),BG26=""),AND(ISNUMBER($J26),$J26>0))),'Feuille de Donnée'!$K$13,""),IF(BG26<$J$165*'Feuille de Donnée'!$I$9,"Négligeable",(IF(AND(BE26>=$H26*(1-'Feuille de Donnée'!$E$12),BE26<=$H26*(1+'Feuille de Donnée'!$F$12)),'Feuille de Donnée'!$F$17,IF(BE26<$H26*(1-'Feuille de Donnée'!$E$12),'Feuille de Donnée'!$F$18,'Feuille de Donnée'!$F$16))&""&IF(AND(BF26>=$I26*(1-'Feuille de Donnée'!$E$27),BF26<=$I26*(1+'Feuille de Donnée'!$F$27)),'Feuille de Donnée'!$F$32,IF(BF26<$I26*(1-'Feuille de Donnée'!$E$27),'Feuille de Donnée'!$F$33,'Feuille de Donnée'!$F$31)))))
J27: =IF(ISBLANK(G27),"",ROUND(H27*I27,2)) | N27: =IF(ISBLANK(K27),"",ROUND(L27*M27,2)) | O27: =IF($H27=0,"",(L27/$H27-1)) | P27: =IF($I27=0,"",(M27/$I27-1)) | Q27: =IF(AND(ISBLANK(S27),R27=""),"",1+MAX(Q$18:Q26)) | R27: =IF(OR(N27="",N27=0,$J27="",$J27=0,NOT(ISNUMBER($J27)),NOT(ISNUMBER(N27))),IF(AND($G27<>"",AND(OR(ISNUMBER(N27),N27=""),AND(ISNUMBER($J27),$J27>0))),'Feuille de Donnée'!$K$13,""),IF(N27<$J$165*'Feuille de Donnée'!$I$9,"Négligeable",(IF(AND(L27>=$H27*(1-'Feuille de Donnée'!$E$12),L27<=$H27*(1+'Feuille de Donnée'!$F$12)),'Feuille de Donnée'!$F$17,IF(L27<$H27*(1-'Feuille de Donnée'!$E$12),'Feuille de Donnée'!$F$18,'Feuille de Donnée'!$F$16))&""&IF(AND(M27>=$I27*(1-'Feuille de Donnée'!$E$27),M27<=$I27*(1+'Feuille de Donnée'!$F$27)),'Feuille de Donnée'!$F$32,IF(M27<$I27*(1-'Feuille de Donnée'!$E$27),'Feuille de Donnée'!$F$33,'Feuille de Donnée'!$F$31))))) | W27: =IF(ISBLANK(T27),"",ROUND(U27*V27,2)) | X27: =IF($H27=0,"",(U27/$H27-1)) | Y27: =IF($I27=0,"",(V27/$I27-1)) | Z27: =IF(AND(ISBLANK(AB27),AA27=""),"",1+MAX(Z$18:Z26)) | AA27: =IF(OR(W27="",W27=0,$J27="",$J27=0,NOT(ISNUMBER($J27)),NOT(ISNUMBER(W27))),IF(AND($G27<>"",AND(OR(ISNUMBER(W27),W27=""),AND(ISNUMBER($J27),$J27>0))),'Feuille de Donnée'!$K$13,""),IF(W27<$J$165*'Feuille de Donnée'!$I$9,"Négligeable",(IF(AND(U27>=$H27*(1-'Feuille de Donnée'!$E$12),U27<=$H27*(1+'Feuille de Donnée'!$F$12)),'Feuille de Donnée'!$F$17,IF(U27<$H27*(1-'Feuille de Donnée'!$E$12),'Feuille de Donnée'!$F$18,'Feuille de Donnée'!$F$16))&""&IF(AND(V27>=$I27*(1-'Feuille de Donnée'!$E$27),V27<=$I27*(1+'Feuille de Donnée'!$F$27)),'Feuille de Donnée'!$F$32,IF(V27<$I27*(1-'Feuille de Donnée'!$E$27),'Feuille de Donnée'!$F$33,'Feuille de Donnée'!$F$31))))) | AF27: =IF(ISBLANK(AC27),"",ROUND(AD27*AE27,2)) | AG27: =IF($H27=0,"",(AD27/$H27-1)) | AH27: =IF($I27=0,"",(AE27/$I27-1)) | AI27: =IF(AND(ISBLANK(AK27),AJ27=""),"",1+MAX(AI$18:AI26)) | AJ27: =IF(OR(AF27="",AF27=0,$J27="",$J27=0,NOT(ISNUMBER($J27)),NOT(ISNUMBER(AF27))),IF(AND($G27<>"",AND(OR(ISNUMBER(AF27),AF27=""),AND(ISNUMBER($J27),$J27>0))),'Feuille de Donnée'!$K$13,""),IF(AF27<$J$165*'Feuille de Donnée'!$I$9,"Négligeable",(IF(AND(AD27>=$H27*(1-'Feuille de Donnée'!$E$12),AD27<=$H27*(1+'Feuille de Donnée'!$F$12)),'Feuille de Donnée'!$F$17,IF(AD27<$H27*(1-'Feuille de Donnée'!$E$12),'Feuille de Donnée'!$F$18,'Feuille de Donnée'!$F$16))&""&IF(AND(AE27>=$I27*(1-'Feuille de Donnée'!$E$27),AE27<=$I27*(1+'Feuille de Donnée'!$F$27)),'Feuille de Donnée'!$F$32,IF(AE27<$I27*(1-'Feuille de Donnée'!$E$27),'Feuille de Donnée'!$F$33,'Feuille de Donnée'!$F$31))))) | AO27: =IF(ISBLANK(AL27),"",ROUND(AM27*AN27,2)) | AP27: =IF($H27=0,"",(AM27/$H27-1)) | AQ27: =IF($I27=0,"",(AN27/$I27-1)) | AR27: =IF(AND(ISBLANK(AT27),AS27=""),"",1+MAX(AR$18:AR26)) | AS27: =IF(OR(AO27="",AO27=0,$J27="",$J27=0,NOT(ISNUMBER($J27)),NOT(ISNUMBER(AO27))),IF(AND($G27<>"",AND(OR(ISNUMBER(AO27),AO27=""),AND(ISNUMBER($J27),$J27>0))),'Feuille de Donnée'!$K$13,""),IF(AO27<$J$165*'Feuille de Donnée'!$I$9,"Négligeable",(IF(AND(AM27>=$H27*(1-'Feuille de Donnée'!$E$12),AM27<=$H27*(1+'Feuille de Donnée'!$F$12)),'Feuille de Donnée'!$F$17,IF(AM27<$H27*(1-'Feuille de Donnée'!$E$12),'Feuille de Donnée'!$F$18,'Feuille de Donnée'!$F$16))&""&IF(AND(AN27>=$I27*(1-'Feuille de Donnée'!$E$27),AN27<=$I27*(1+'Feuille de Donnée'!$F$27)),'Feuille de Donnée'!$F$32,IF(AN27<$I27*(1-'Feuille de Donnée'!$E$27),'Feuille de Donnée'!$F$33,'Feuille de Donnée'!$F$31))))) | AX27: =IF(ISBLANK(AU27),"",ROUND(AV27*AW27,2)) | AY27: =IF($H27=0,"",(AV27/$H27-1)) | AZ27: =IF($I27=0,"",(AW27/$I27-1)) | BA27: =IF(AND(ISBLANK(BC27),BB27=""),"",1+MAX(BA$18:BA26)) | BB27: =IF(OR(AX27="",AX27=0,$J27="",$J27=0,NOT(ISNUMBER($J27)),NOT(ISNUMBER(AX27))),IF(AND($G27<>"",AND(OR(ISNUMBER(AX27),AX27=""),AND(ISNUMBER($J27),$J27>0))),'Feuille de Donnée'!$K$13,""),IF(AX27<$J$165*'Feuille de Donnée'!$I$9,"Négligeable",(IF(AND(AV27>=$H27*(1-'Feuille de Donnée'!$E$12),AV27<=$H27*(1+'Feuille de Donnée'!$F$12)),'Feuille de Donnée'!$F$17,IF(AV27<$H27*(1-'Feuille de Donnée'!$E$12),'Feuille de Donnée'!$F$18,'Feuille de Donnée'!$F$16))&""&IF(AND(AW27>=$I27*(1-'Feuille de Donnée'!$E$27),AW27<=$I27*(1+'Feuille de Donnée'!$F$27)),'Feuille de Donnée'!$F$32,IF(AW27<$I27*(1-'Feuille de Donnée'!$E$27),'Feuille de Donnée'!$F$33,'Feuille de Donnée'!$F$31))))) | BG27: =IF(ISBLANK(BD27),"",ROUND(BE27*BF27,2)) | BH27: =IF($H27=0,"",(BE27/$H27-1)) | BI27: =IF($I27=0,"",(BF27/$I27-1)) | BJ27: =IF(AND(ISBLANK(BL27),BK27=""),"",1+MAX(BJ$18:BJ26)) | BK27: =IF(OR(BG27="",BG27=0,$J27="",$J27=0,NOT(ISNUMBER($J27)),NOT(ISNUMBER(BG27))),IF(AND($G27<>"",AND(OR(ISNUMBER(BG27),BG27=""),AND(ISNUMBER($J27),$J27>0))),'Feuille de Donnée'!$K$13,""),IF(BG27<$J$165*'Feuille de Donnée'!$I$9,"Négligeable",(IF(AND(BE27>=$H27*(1-'Feuille de Donnée'!$E$12),BE27<=$H27*(1+'Feuille de Donnée'!$F$12)),'Feuille de Donnée'!$F$17,IF(BE27<$H27*(1-'Feuille de Donnée'!$E$12),'Feuille de Donnée'!$F$18,'Feuille de Donnée'!$F$16))&""&IF(AND(BF27>=$I27*(1-'Feuille de Donnée'!$E$27),BF27<=$I27*(1+'Feuille de Donnée'!$F$27)),'Feuille de Donnée'!$F$32,IF(BF27<$I27*(1-'Feuille de Donnée'!$E$27),'Feuille de Donnée'!$F$33,'Feuille de Donnée'!$F$31)))))
J28: =IF(ISBLANK(G28),"",ROUND(H28*I28,2)) | N28: =IF(ISBLANK(K28),"",ROUND(L28*M28,2)) | O28: =IF($H28=0,"",(L28/$H28-1)) | P28: =IF($I28=0,"",(M28/$I28-1)) | Q28: =IF(AND(ISBLANK(S28),R28=""),"",1+MAX(Q$18:Q27)) | R28: =IF(OR(N28="",N28=0,$J28="",$J28=0,NOT(ISNUMBER($J28)),NOT(ISNUMBER(N28))),IF(AND($G28<>"",AND(OR(ISNUMBER(N28),N28=""),AND(ISNUMBER($J28),$J28>0))),'Feuille de Donnée'!$K$13,""),IF(N28<$J$165*'Feuille de Donnée'!$I$9,"Négligeable",(IF(AND(L28>=$H28*(1-'Feuille de Donnée'!$E$12),L28<=$H28*(1+'Feuille de Donnée'!$F$12)),'Feuille de Donnée'!$F$17,IF(L28<$H28*(1-'Feuille de Donnée'!$E$12),'Feuille de Donnée'!$F$18,'Feuille de Donnée'!$F$16))&""&IF(AND(M28>=$I28*(1-'Feuille de Donnée'!$E$27),M28<=$I28*(1+'Feuille de Donnée'!$F$27)),'Feuille de Donnée'!$F$32,IF(M28<$I28*(1-'Feuille de Donnée'!$E$27),'Feuille de Donnée'!$F$33,'Feuille de Donnée'!$F$31))))) | W28: =IF(ISBLANK(T28),"",ROUND(U28*V28,2)) | X28: =IF($H28=0,"",(U28/$H28-1)) | Y28: =IF($I28=0,"",(V28/$I28-1)) | Z28: =IF(AND(ISBLANK(AB28),AA28=""),"",1+MAX(Z$18:Z27)) | AA28: =IF(OR(W28="",W28=0,$J28="",$J28=0,NOT(ISNUMBER($J28)),NOT(ISNUMBER(W28))),IF(AND($G28<>"",AND(OR(ISNUMBER(W28),W28=""),AND(ISNUMBER($J28),$J28>0))),'Feuille de Donnée'!$K$13,""),IF(W28<$J$165*'Feuille de Donnée'!$I$9,"Négligeable",(IF(AND(U28>=$H28*(1-'Feuille de Donnée'!$E$12),U28<=$H28*(1+'Feuille de Donnée'!$F$12)),'Feuille de Donnée'!$F$17,IF(U28<$H28*(1-'Feuille de Donnée'!$E$12),'Feuille de Donnée'!$F$18,'Feuille de Donnée'!$F$16))&""&IF(AND(V28>=$I28*(1-'Feuille de Donnée'!$E$27),V28<=$I28*(1+'Feuille de Donnée'!$F$27)),'Feuille de Donnée'!$F$32,IF(V28<$I28*(1-'Feuille de Donnée'!$E$27),'Feuille de Donnée'!$F$33,'Feuille de Donnée'!$F$31))))) | AF28: =IF(ISBLANK(AC28),"",ROUND(AD28*AE28,2)) | AG28: =IF($H28=0,"",(AD28/$H28-1)) | AH28: =IF($I28=0,"",(AE28/$I28-1)) | AI28: =IF(AND(ISBLANK(AK28),AJ28=""),"",1+MAX(AI$18:AI27)) | AJ28: =IF(OR(AF28="",AF28=0,$J28="",$J28=0,NOT(ISNUMBER($J28)),NOT(ISNUMBER(AF28))),IF(AND($G28<>"",AND(OR(ISNUMBER(AF28),AF28=""),AND(ISNUMBER($J28),$J28>0))),'Feuille de Donnée'!$K$13,""),IF(AF28<$J$165*'Feuille de Donnée'!$I$9,"Négligeable",(IF(AND(AD28>=$H28*(1-'Feuille de Donnée'!$E$12),AD28<=$H28*(1+'Feuille de Donnée'!$F$12)),'Feuille de Donnée'!$F$17,IF(AD28<$H28*(1-'Feuille de Donnée'!$E$12),'Feuille de Donnée'!$F$18,'Feuille de Donnée'!$F$16))&""&IF(AND(AE28>=$I28*(1-'Feuille de Donnée'!$E$27),AE28<=$I28*(1+'Feuille de Donnée'!$F$27)),'Feuille de Donnée'!$F$32,IF(AE28<$I28*(1-'Feuille de Donnée'!$E$27),'Feuille de Donnée'!$F$33,'Feuille de Donnée'!$F$31))))) | AO28: =IF(ISBLANK(AL28),"",ROUND(AM28*AN28,2)) | AP28: =IF($H28=0,"",(AM28/$H28-1)) | AQ28: =IF($I28=0,"",(AN28/$I28-1)) | AR28: =IF(AND(ISBLANK(AT28),AS28=""),"",1+MAX(AR$18:AR27)) | AS28: =IF(OR(AO28="",AO28=0,$J28="",$J28=0,NOT(ISNUMBER($J28)),NOT(ISNUMBER(AO28))),IF(AND($G28<>"",AND(OR(ISNUMBER(AO28),AO28=""),AND(ISNUMBER($J28),$J28>0))),'Feuille de Donnée'!$K$13,""),IF(AO28<$J$165*'Feuille de Donnée'!$I$9,"Négligeable",(IF(AND(AM28>=$H28*(1-'Feuille de Donnée'!$E$12),AM28<=$H28*(1+'Feuille de Donnée'!$F$12)),'Feuille de Donnée'!$F$17,IF(AM28<$H28*(1-'Feuille de Donnée'!$E$12),'Feuille de Donnée'!$F$18,'Feuille de Donnée'!$F$16))&""&IF(AND(AN28>=$I28*(1-'Feuille de Donnée'!$E$27),AN28<=$I28*(1+'Feuille de Donnée'!$F$27)),'Feuille de Donnée'!$F$32,IF(AN28<$I28*(1-'Feuille de Donnée'!$E$27),'Feuille de Donnée'!$F$33,'Feuille de Donnée'!$F$31))))) | AX28: =IF(ISBLANK(AU28),"",ROUND(AV28*AW28,2)) | AY28: =IF($H28=0,"",(AV28/$H28-1)) | AZ28: =IF($I28=0,"",(AW28/$I28-1)) | BA28: =IF(AND(ISBLANK(BC28),BB28=""),"",1+MAX(BA$18:BA27)) | BB28: =IF(OR(AX28="",AX28=0,$J28="",$J28=0,NOT(ISNUMBER($J28)),NOT(ISNUMBER(AX28))),IF(AND($G28<>"",AND(OR(ISNUMBER(AX28),AX28=""),AND(ISNUMBER($J28),$J28>0))),'Feuille de Donnée'!$K$13,""),IF(AX28<$J$165*'Feuille de Donnée'!$I$9,"Négligeable",(IF(AND(AV28>=$H28*(1-'Feuille de Donnée'!$E$12),AV28<=$H28*(1+'Feuille de Donnée'!$F$12)),'Feuille de Donnée'!$F$17,IF(AV28<$H28*(1-'Feuille de Donnée'!$E$12),'Feuille de Donnée'!$F$18,'Feuille de Donnée'!$F$16))&""&IF(AND(AW28>=$I28*(1-'Feuille de Donnée'!$E$27),AW28<=$I28*(1+'Feuille de Donnée'!$F$27)),'Feuille de Donnée'!$F$32,IF(AW28<$I28*(1-'Feuille de Donnée'!$E$27),'Feuille de Donnée'!$F$33,'Feuille de Donnée'!$F$31))))) | BG28: =IF(ISBLANK(BD28),"",ROUND(BE28*BF28,2)) | BH28: =IF($H28=0,"",(BE28/$H28-1)) | BI28: =IF($I28=0,"",(BF28/$I28-1)) | BJ28: =IF(AND(ISBLANK(BL28),BK28=""),"",1+MAX(BJ$18:BJ27)) | BK28: =IF(OR(BG28="",BG28=0,$J28="",$J28=0,NOT(ISNUMBER($J28)),NOT(ISNUMBER(BG28))),IF(AND($G28<>"",AND(OR(ISNUMBER(BG28),BG28=""),AND(ISNUMBER($J28),$J28>0))),'Feuille de Donnée'!$K$13,""),IF(BG28<$J$165*'Feuille de Donnée'!$I$9,"Négligeable",(IF(AND(BE28>=$H28*(1-'Feuille de Donnée'!$E$12),BE28<=$H28*(1+'Feuille de Donnée'!$F$12)),'Feuille de Donnée'!$F$17,IF(BE28<$H28*(1-'Feuille de Donnée'!$E$12),'Feuille de Donnée'!$F$18,'Feuille de Donnée'!$F$16))&""&IF(AND(BF28>=$I28*(1-'Feuille de Donnée'!$E$27),BF28<=$I28*(1+'Feuille de Donnée'!$F$27)),'Feuille de Donnée'!$F$32,IF(BF28<$I28*(1-'Feuille de Donnée'!$E$27),'Feuille de Donnée'!$F$33,'Feuille de Donnée'!$F$31)))))
J29: =IF(ISBLANK(G29),"",ROUND(H29*I29,2)) | N29: =IF(ISBLANK(K29),"",ROUND(L29*M29,2)) | O29: =IF($H29=0,"",(L29/$H29-1)) | P29: =IF($I29=0,"",(M29/$I29-1)) | Q29: =IF(AND(ISBLANK(S29),R29=""),"",1+MAX(Q$18:Q28)) | R29: =IF(OR(N29="",N29=0,$J29="",$J29=0,NOT(ISNUMBER($J29)),NOT(ISNUMBER(N29))),IF(AND($G29<>"",AND(OR(ISNUMBER(N29),N29=""),AND(ISNUMBER($J29),$J29>0))),'Feuille de Donnée'!$K$13,""),IF(N29<$J$165*'Feuille de Donnée'!$I$9,"Négligeable",(IF(AND(L29>=$H29*(1-'Feuille de Donnée'!$E$12),L29<=$H29*(1+'Feuille de Donnée'!$F$12)),'Feuille de Donnée'!$F$17,IF(L29<$H29*(1-'Feuille de Donnée'!$E$12),'Feuille de Donnée'!$F$18,'Feuille de Donnée'!$F$16))&""&IF(AND(M29>=$I29*(1-'Feuille de Donnée'!$E$27),M29<=$I29*(1+'Feuille de Donnée'!$F$27)),'Feuille de Donnée'!$F$32,IF(M29<$I29*(1-'Feuille de Donnée'!$E$27),'Feuille de Donnée'!$F$33,'Feuille de Donnée'!$F$31))))) | W29: =IF(ISBLANK(T29),"",ROUND(U29*V29,2)) | X29: =IF($H29=0,"",(U29/$H29-1)) | Y29: =IF($I29=0,"",(V29/$I29-1)) | Z29: =IF(AND(ISBLANK(AB29),AA29=""),"",1+MAX(Z$18:Z28)) | AA29: =IF(OR(W29="",W29=0,$J29="",$J29=0,NOT(ISNUMBER($J29)),NOT(ISNUMBER(W29))),IF(AND($G29<>"",AND(OR(ISNUMBER(W29),W29=""),AND(ISNUMBER($J29),$J29>0))),'Feuille de Donnée'!$K$13,""),IF(W29<$J$165*'Feuille de Donnée'!$I$9,"Négligeable",(IF(AND(U29>=$H29*(1-'Feuille de Donnée'!$E$12),U29<=$H29*(1+'Feuille de Donnée'!$F$12)),'Feuille de Donnée'!$F$17,IF(U29<$H29*(1-'Feuille de Donnée'!$E$12),'Feuille de Donnée'!$F$18,'Feuille de Donnée'!$F$16))&""&IF(AND(V29>=$I29*(1-'Feuille de Donnée'!$E$27),V29<=$I29*(1+'Feuille de Donnée'!$F$27)),'Feuille de Donnée'!$F$32,IF(V29<$I29*(1-'Feuille de Donnée'!$E$27),'Feuille de Donnée'!$F$33,'Feuille de Donnée'!$F$31))))) | AF29: =IF(ISBLANK(AC29),"",ROUND(AD29*AE29,2)) | AG29: =IF($H29=0,"",(AD29/$H29-1)) | AH29: =IF($I29=0,"",(AE29/$I29-1)) | AI29: =IF(AND(ISBLANK(AK29),AJ29=""),"",1+MAX(AI$18:AI28)) | AJ29: =IF(OR(AF29="",AF29=0,$J29="",$J29=0,NOT(ISNUMBER($J29)),NOT(ISNUMBER(AF29))),IF(AND($G29<>"",AND(OR(ISNUMBER(AF29),AF29=""),AND(ISNUMBER($J29),$J29>0))),'Feuille de Donnée'!$K$13,""),IF(AF29<$J$165*'Feuille de Donnée'!$I$9,"Négligeable",(IF(AND(AD29>=$H29*(1-'Feuille de Donnée'!$E$12),AD29<=$H29*(1+'Feuille de Donnée'!$F$12)),'Feuille de Donnée'!$F$17,IF(AD29<$H29*(1-'Feuille de Donnée'!$E$12),'Feuille de Donnée'!$F$18,'Feuille de Donnée'!$F$16))&""&IF(AND(AE29>=$I29*(1-'Feuille de Donnée'!$E$27),AE29<=$I29*(1+'Feuille de Donnée'!$F$27)),'Feuille de Donnée'!$F$32,IF(AE29<$I29*(1-'Feuille de Donnée'!$E$27),'Feuille de Donnée'!$F$33,'Feuille de Donnée'!$F$31))))) | AO29: =IF(ISBLANK(AL29),"",ROUND(AM29*AN29,2)) | AP29: =IF($H29=0,"",(AM29/$H29-1)) | AQ29: =IF($I29=0,"",(AN29/$I29-1)) | AR29: =IF(AND(ISBLANK(AT29),AS29=""),"",1+MAX(AR$18:AR28)) | AS29: =IF(OR(AO29="",AO29=0,$J29="",$J29=0,NOT(ISNUMBER($J29)),NOT(ISNUMBER(AO29))),IF(AND($G29<>"",AND(OR(ISNUMBER(AO29),AO29=""),AND(ISNUMBER($J29),$J29>0))),'Feuille de Donnée'!$K$13,""),IF(AO29<$J$165*'Feuille de Donnée'!$I$9,"Négligeable",(IF(AND(AM29>=$H29*(1-'Feuille de Donnée'!$E$12),AM29<=$H29*(1+'Feuille de Donnée'!$F$12)),'Feuille de Donnée'!$F$17,IF(AM29<$H29*(1-'Feuille de Donnée'!$E$12),'Feuille de Donnée'!$F$18,'Feuille de Donnée'!$F$16))&""&IF(AND(AN29>=$I29*(1-'Feuille de Donnée'!$E$27),AN29<=$I29*(1+'Feuille de Donnée'!$F$27)),'Feuille de Donnée'!$F$32,IF(AN29<$I29*(1-'Feuille de Donnée'!$E$27),'Feuille de Donnée'!$F$33,'Feuille de Donnée'!$F$31))))) | AX29: =IF(ISBLANK(AU29),"",ROUND(AV29*AW29,2)) | AY29: =IF($H29=0,"",(AV29/$H29-1)) | AZ29: =IF($I29=0,"",(AW29/$I29-1)) | BA29: =IF(AND(ISBLANK(BC29),BB29=""),"",1+MAX(BA$18:BA28)) | BB29: =IF(OR(AX29="",AX29=0,$J29="",$J29=0,NOT(ISNUMBER($J29)),NOT(ISNUMBER(AX29))),IF(AND($G29<>"",AND(OR(ISNUMBER(AX29),AX29=""),AND(ISNUMBER($J29),$J29>0))),'Feuille de Donnée'!$K$13,""),IF(AX29<$J$165*'Feuille de Donnée'!$I$9,"Négligeable",(IF(AND(AV29>=$H29*(1-'Feuille de Donnée'!$E$12),AV29<=$H29*(1+'Feuille de Donnée'!$F$12)),'Feuille de Donnée'!$F$17,IF(AV29<$H29*(1-'Feuille de Donnée'!$E$12),'Feuille de Donnée'!$F$18,'Feuille de Donnée'!$F$16))&""&IF(AND(AW29>=$I29*(1-'Feuille de Donnée'!$E$27),AW29<=$I29*(1+'Feuille de Donnée'!$F$27)),'Feuille de Donnée'!$F$32,IF(AW29<$I29*(1-'Feuille de Donnée'!$E$27),'Feuille de Donnée'!$F$33,'Feuille de Donnée'!$F$31))))) | BG29: =IF(ISBLANK(BD29),"",ROUND(BE29*BF29,2)) | BH29: =IF($H29=0,"",(BE29/$H29-1)) | BI29: =IF($I29=0,"",(BF29/$I29-1)) | BJ29: =IF(AND(ISBLANK(BL29),BK29=""),"",1+MAX(BJ$18:BJ28)) | BK29: =IF(OR(BG29="",BG29=0,$J29="",$J29=0,NOT(ISNUMBER($J29)),NOT(ISNUMBER(BG29))),IF(AND($G29<>"",AND(OR(ISNUMBER(BG29),BG29=""),AND(ISNUMBER($J29),$J29>0))),'Feuille de Donnée'!$K$13,""),IF(BG29<$J$165*'Feuille de Donnée'!$I$9,"Négligeable",(IF(AND(BE29>=$H29*(1-'Feuille de Donnée'!$E$12),BE29<=$H29*(1+'Feuille de Donnée'!$F$12)),'Feuille de Donnée'!$F$17,IF(BE29<$H29*(1-'Feuille de Donnée'!$E$12),'Feuille de Donnée'!$F$18,'Feuille de Donnée'!$F$16))&""&IF(AND(BF29>=$I29*(1-'Feuille de Donnée'!$E$27),BF29<=$I29*(1+'Feuille de Donnée'!$F$27)),'Feuille de Donnée'!$F$32,IF(BF29<$I29*(1-'Feuille de Donnée'!$E$27),'Feuille de Donnée'!$F$33,'Feuille de Donnée'!$F$31)))))
J30: =IF(ISBLANK(G30),"",ROUND(H30*I30,2)) | N30: =IF(ISBLANK(K30),"",ROUND(L30*M30,2)) | O30: =IF($H30=0,"",(L30/$H30-1)) | P30: =IF($I30=0,"",(M30/$I30-1)) | Q30: =IF(AND(ISBLANK(S30),R30=""),"",1+MAX(Q$18:Q29)) | R30: =IF(OR(N30="",N30=0,$J30="",$J30=0,NOT(ISNUMBER($J30)),NOT(ISNUMBER(N30))),IF(AND($G30<>"",AND(OR(ISNUMBER(N30),N30=""),AND(ISNUMBER($J30),$J30>0))),'Feuille de Donnée'!$K$13,""),IF(N30<$J$165*'Feuille de Donnée'!$I$9,"Négligeable",(IF(AND(L30>=$H30*(1-'Feuille de Donnée'!$E$12),L30<=$H30*(1+'Feuille de Donnée'!$F$12)),'Feuille de Donnée'!$F$17,IF(L30<$H30*(1-'Feuille de Donnée'!$E$12),'Feuille de Donnée'!$F$18,'Feuille de Donnée'!$F$16))&""&IF(AND(M30>=$I30*(1-'Feuille de Donnée'!$E$27),M30<=$I30*(1+'Feuille de Donnée'!$F$27)),'Feuille de Donnée'!$F$32,IF(M30<$I30*(1-'Feuille de Donnée'!$E$27),'Feuille de Donnée'!$F$33,'Feuille de Donnée'!$F$31))))) | W30: =IF(ISBLANK(T30),"",ROUND(U30*V30,2)) | X30: =IF($H30=0,"",(U30/$H30-1)) | Y30: =IF($I30=0,"",(V30/$I30-1)) | Z30: =IF(AND(ISBLANK(AB30),AA30=""),"",1+MAX(Z$18:Z29)) | AA30: =IF(OR(W30="",W30=0,$J30="",$J30=0,NOT(ISNUMBER($J30)),NOT(ISNUMBER(W30))),IF(AND($G30<>"",AND(OR(ISNUMBER(W30),W30=""),AND(ISNUMBER($J30),$J30>0))),'Feuille de Donnée'!$K$13,""),IF(W30<$J$165*'Feuille de Donnée'!$I$9,"Négligeable",(IF(AND(U30>=$H30*(1-'Feuille de Donnée'!$E$12),U30<=$H30*(1+'Feuille de Donnée'!$F$12)),'Feuille de Donnée'!$F$17,IF(U30<$H30*(1-'Feuille de Donnée'!$E$12),'Feuille de Donnée'!$F$18,'Feuille de Donnée'!$F$16))&""&IF(AND(V30>=$I30*(1-'Feuille de Donnée'!$E$27),V30<=$I30*(1+'Feuille de Donnée'!$F$27)),'Feuille de Donnée'!$F$32,IF(V30<$I30*(1-'Feuille de Donnée'!$E$27),'Feuille de Donnée'!$F$33,'Feuille de Donnée'!$F$31))))) | AF30: =IF(ISBLANK(AC30),"",ROUND(AD30*AE30,2)) | AG30: =IF($H30=0,"",(AD30/$H30-1)) | AH30: =IF($I30=0,"",(AE30/$I30-1)) | AI30: =IF(AND(ISBLANK(AK30),AJ30=""),"",1+MAX(AI$18:AI29)) | AJ30: =IF(OR(AF30="",AF30=0,$J30="",$J30=0,NOT(ISNUMBER($J30)),NOT(ISNUMBER(AF30))),IF(AND($G30<>"",AND(OR(ISNUMBER(AF30),AF30=""),AND(ISNUMBER($J30),$J30>0))),'Feuille de Donnée'!$K$13,""),IF(AF30<$J$165*'Feuille de Donnée'!$I$9,"Négligeable",(IF(AND(AD30>=$H30*(1-'Feuille de Donnée'!$E$12),AD30<=$H30*(1+'Feuille de Donnée'!$F$12)),'Feuille de Donnée'!$F$17,IF(AD30<$H30*(1-'Feuille de Donnée'!$E$12),'Feuille de Donnée'!$F$18,'Feuille de Donnée'!$F$16))&""&IF(AND(AE30>=$I30*(1-'Feuille de Donnée'!$E$27),AE30<=$I30*(1+'Feuille de Donnée'!$F$27)),'Feuille de Donnée'!$F$32,IF(AE30<$I30*(1-'Feuille de Donnée'!$E$27),'Feuille de Donnée'!$F$33,'Feuille de Donnée'!$F$31))))) | AO30: =IF(ISBLANK(AL30),"",ROUND(AM30*AN30,2)) | AP30: =IF($H30=0,"",(AM30/$H30-1)) | AQ30: =IF($I30=0,"",(AN30/$I30-1)) | AR30: =IF(AND(ISBLANK(AT30),AS30=""),"",1+MAX(AR$18:AR29)) | AS30: =IF(OR(AO30="",AO30=0,$J30="",$J30=0,NOT(ISNUMBER($J30)),NOT(ISNUMBER(AO30))),IF(AND($G30<>"",AND(OR(ISNUMBER(AO30),AO30=""),AND(ISNUMBER($J30),$J30>0))),'Feuille de Donnée'!$K$13,""),IF(AO30<$J$165*'Feuille de Donnée'!$I$9,"Négligeable",(IF(AND(AM30>=$H30*(1-'Feuille de Donnée'!$E$12),AM30<=$H30*(1+'Feuille de Donnée'!$F$12)),'Feuille de Donnée'!$F$17,IF(AM30<$H30*(1-'Feuille de Donnée'!$E$12),'Feuille de Donnée'!$F$18,'Feuille de Donnée'!$F$16))&""&IF(AND(AN30>=$I30*(1-'Feuille de Donnée'!$E$27),AN30<=$I30*(1+'Feuille de Donnée'!$F$27)),'Feuille de Donnée'!$F$32,IF(AN30<$I30*(1-'Feuille de Donnée'!$E$27),'Feuille de Donnée'!$F$33,'Feuille de Donnée'!$F$31))))) | AX30: =IF(ISBLANK(AU30),"",ROUND(AV30*AW30,2)) | AY30: =IF($H30=0,"",(AV30/$H30-1)) | AZ30: =IF($I30=0,"",(AW30/$I30-1)) | BA30: =IF(AND(ISBLANK(BC30),BB30=""),"",1+MAX(BA$18:BA29)) | BB30: =IF(OR(AX30="",AX30=0,$J30="",$J30=0,NOT(ISNUMBER($J30)),NOT(ISNUMBER(AX30))),IF(AND($G30<>"",AND(OR(ISNUMBER(AX30),AX30=""),AND(ISNUMBER($J30),$J30>0))),'Feuille de Donnée'!$K$13,""),IF(AX30<$J$165*'Feuille de Donnée'!$I$9,"Négligeable",(IF(AND(AV30>=$H30*(1-'Feuille de Donnée'!$E$12),AV30<=$H30*(1+'Feuille de Donnée'!$F$12)),'Feuille de Donnée'!$F$17,IF(AV30<$H30*(1-'Feuille de Donnée'!$E$12),'Feuille de Donnée'!$F$18,'Feuille de Donnée'!$F$16))&""&IF(AND(AW30>=$I30*(1-'Feuille de Donnée'!$E$27),AW30<=$I30*(1+'Feuille de Donnée'!$F$27)),'Feuille de Donnée'!$F$32,IF(AW30<$I30*(1-'Feuille de Donnée'!$E$27),'Feuille de Donnée'!$F$33,'Feuille de Donnée'!$F$31))))) | BG30: =IF(ISBLANK(BD30),"",ROUND(BE30*BF30,2)) | BH30: =IF($H30=0,"",(BE30/$H30-1)) | BI30: =IF($I30=0,"",(BF30/$I30-1)) | BJ30: =IF(AND(ISBLANK(BL30),BK30=""),"",1+MAX(BJ$18:BJ29)) | BK30: =IF(OR(BG30="",BG30=0,$J30="",$J30=0,NOT(ISNUMBER($J30)),NOT(ISNUMBER(BG30))),IF(AND($G30<>"",AND(OR(ISNUMBER(BG30),BG30=""),AND(ISNUMBER($J30),$J30>0))),'Feuille de Donnée'!$K$13,""),IF(BG30<$J$165*'Feuille de Donnée'!$I$9,"Négligeable",(IF(AND(BE30>=$H30*(1-'Feuille de Donnée'!$E$12),BE30<=$H30*(1+'Feuille de Donnée'!$F$12)),'Feuille de Donnée'!$F$17,IF(BE30<$H30*(1-'Feuille de Donnée'!$E$12),'Feuille de Donnée'!$F$18,'Feuille de Donnée'!$F$16))&""&IF(AND(BF30>=$I30*(1-'Feuille de Donnée'!$E$27),BF30<=$I30*(1+'Feuille de Donnée'!$F$27)),'Feuille de Donnée'!$F$32,IF(BF30<$I30*(1-'Feuille de Donnée'!$E$27),'Feuille de Donnée'!$F$33,'Feuille de Donnée'!$F$31)))))
... J164: =IF(ISBLANK(G164),"",ROUND(H164*I164,2)) | N164: =IF(ISBLANK(K164),"",ROUND(L164*M164,2)) | O164: =IF($H164=0,"",(L164/$H164-1)) | P164: =IF($I164=0,"",(M164/$I164-1)) | Q164: =IF(AND(ISBLANK(S164),R164=""),"",1+MAX(Q$18:Q163)) | R164: =IF(OR(N164="",N164=0,$J164="",$J164=0,NOT(ISNUMBER($J164)),NOT(ISNUMBER(N164))),IF(AND($G164<>"",AND(OR(ISNUMBER(N164),N164=""),AND(ISNUMBER($J164),$J164>0))),'Feuille de Donnée'!$K$13,""),IF(N164<$J$165*'Feuille de Donnée'!$I$9,"Négligeable",(IF(AND(L164>=$H164*(1-'Feuille de Donnée'!$E$12),L164<=$H164*(1+'Feuille de Donnée'!$F$12)),'Feuille de Donnée'!$F$17,IF(L164<$H164*(1-'Feuille de Donnée'!$E$12),'Feuille de Donnée'!$F$18,'Feuille de Donnée'!$F$16))&""&IF(AND(M164>=$I164*(1-'Feuille de Donnée'!$E$27),M164<=$I164*(1+'Feuille de Donnée'!$F$27)),'Feuille de Donnée'!$F$32,IF(M164<$I164*(1-'Feuille de Donnée'!$E$27),'Feuille de Donnée'!$F$33,'Feuille de Donnée'!$F$31))))) | W164: =IF(ISBLANK(T164),"",ROUND(U164*V164,2)) | X164: =IF($H164=0,"",(U164/$H164-1)) | Y164: =IF($I164=0,"",(V164/$I164-1)) | Z164: =IF(AND(ISBLANK(AB164),AA164=""),"",1+MAX(Z$18:Z163)) | AA164: =IF(OR(W164="",W164=0,$J164="",$J164=0,NOT(ISNUMBER($J164)),NOT(ISNUMBER(W164))),IF(AND($G164<>"",AND(OR(ISNUMBER(W164),W164=""),AND(ISNUMBER($J164),$J164>0))),'Feuille de Donnée'!$K$13,""),IF(W164<$J$165*'Feuille de Donnée'!$I$9,"Négligeable",(IF(AND(U164>=$H164*(1-'Feuille de Donnée'!$E$12),U164<=$H164*(1+'Feuille de Donnée'!$F$12)),'Feuille de Donnée'!$F$17,IF(U164<$H164*(1-'Feuille de Donnée'!$E$12),'Feuille de Donnée'!$F$18,'Feuille de Donnée'!$F$16))&""&IF(AND(V164>=$I164*(1-'Feuille de Donnée'!$E$27),V164<=$I164*(1+'Feuille de Donnée'!$F$27)),'Feuille de Donnée'!$F$32,IF(V164<$I164*(1-'Feuille de Donnée'!$E$27),'Feuille de Donnée'!$F$33,'Feuille de Donnée'!$F$31))))) | AF164: =IF(ISBLANK(AC164),"",ROUND(AD164*AE164,2)) | AG164: =IF($H164=0,"",(AD164/$H164-1)) | AH164: =IF($I164=0,"",(AE164/$I164-1)) | AI164: =IF(AND(ISBLANK(AK164),AJ164=""),"",1+MAX(AI$18:AI163)) | AJ164: =IF(OR(AF164="",AF164=0,$J164="",$J164=0,NOT(ISNUMBER($J164)),NOT(ISNUMBER(AF164))),IF(AND($G164<>"",AND(OR(ISNUMBER(AF164),AF164=""),AND(ISNUMBER($J164),$J164>0))),'Feuille de Donnée'!$K$13,""),IF(AF164<$J$165*'Feuille de Donnée'!$I$9,"Négligeable",(IF(AND(AD164>=$H164*(1-'Feuille de Donnée'!$E$12),AD164<=$H164*(1+'Feuille de Donnée'!$F$12)),'Feuille de Donnée'!$F$17,IF(AD164<$H164*(1-'Feuille de Donnée'!$E$12),'Feuille de Donnée'!$F$18,'Feuille de Donnée'!$F$16))&""&IF(AND(AE164>=$I164*(1-'Feuille de Donnée'!$E$27),AE164<=$I164*(1+'Feuille de Donnée'!$F$27)),'Feuille de Donnée'!$F$32,IF(AE164<$I164*(1-'Feuille de Donnée'!$E$27),'Feuille de Donnée'!$F$33,'Feuille de Donnée'!$F$31))))) | AO164: =IF(ISBLANK(AL164),"",ROUND(AM164*AN164,2)) | AP164: =IF($H164=0,"",(AM164/$H164-1)) | AQ164: =IF($I164=0,"",(AN164/$I164-1)) | AR164: =IF(AND(ISBLANK(AT164),AS164=""),"",1+MAX(AR$18:AR163)) | AS164: =IF(OR(AO164="",AO164=0,$J164="",$J164=0,NOT(ISNUMBER($J164)),NOT(ISNUMBER(AO164))),IF(AND($G164<>"",AND(OR(ISNUMBER(AO164),AO164=""),AND(ISNUMBER($J164),$J164>0))),'Feuille de Donnée'!$K$13,""),IF(AO164<$J$165*'Feuille de Donnée'!$I$9,"Négligeable",(IF(AND(AM164>=$H164*(1-'Feuille de Donnée'!$E$12),AM164<=$H164*(1+'Feuille de Donnée'!$F$12)),'Feuille de Donnée'!$F$17,IF(AM164<$H164*(1-'Feuille de Donnée'!$E$12),'Feuille de Donnée'!$F$18,'Feuille de Donnée'!$F$16))&""&IF(AND(AN164>=$I164*(1-'Feuille de Donnée'!$E$27),AN164<=$I164*(1+'Feuille de Donnée'!$F$27)),'Feuille de Donnée'!$F$32,IF(AN164<$I164*(1-'Feuille de Donnée'!$E$27),'Feuille de Donnée'!$F$33,'Feuille de Donnée'!$F$31))))) | AX164: =IF(ISBLANK(AU164),"",ROUND(AV164*AW164,2)) | AY164: =IF($H164=0,"",(AV164/$H164-1)) | AZ164: =IF($I164=0,"",(AW164/$I164-1)) | BA164: =IF(AND(ISBLANK(BC164),BB164=""),"",1+MAX(BA$18:BA163)) | BB164: =IF(OR(AX164="",AX164=0,$J164="",$J164=0,NOT(ISNUMBER($J164)),NOT(ISNUMBER(AX164))),IF(AND($G164<>"",AND(OR(ISNUMBER(AX164),AX164=""),AND(ISNUMBER($J164),$J164>0))),'Feuille de Donnée'!$K$13,""),IF(AX164<$J$165*'Feuille de Donnée'!$I$9,"Négligeable",(IF(AND(AV164>=$H164*(1-'Feuille de Donnée'!$E$12),AV164<=$H164*(1+'Feuille de Donnée'!$F$12)),'Feuille de Donnée'!$F$17,IF(AV164<$H164*(1-'Feuille de Donnée'!$E$12),'Feuille de Donnée'!$F$18,'Feuille de Donnée'!$F$16))&""&IF(AND(AW164>=$I164*(1-'Feuille de Donnée'!$E$27),AW164<=$I164*(1+'Feuille de Donnée'!$F$27)),'Feuille de Donnée'!$F$32,IF(AW164<$I164*(1-'Feuille de Donnée'!$E$27),'Feuille de Donnée'!$F$33,'Feuille de Donnée'!$F$31))))) | BG164: =IF(ISBLANK(BD164),"",ROUND(BE164*BF164,2)) | BH164: =IF($H164=0,"",(BE164/$H164-1)) | BI164: =IF($I164=0,"",(BF164/$I164-1)) | BJ164: =IF(AND(ISBLANK(BL164),BK164=""),"",1+MAX(BJ$18:BJ163)) | BK164: =IF(OR(BG164="",BG164=0,$J164="",$J164=0,NOT(ISNUMBER($J164)),NOT(ISNUMBER(BG164))),IF(AND($G164<>"",AND(OR(ISNUMBER(BG164),BG164=""),AND(ISNUMBER($J164),$J164>0))),'Feuille de Donnée'!$K$13,""),IF(BG164<$J$165*'Feuille de Donnée'!$I$9,"Négligeable",(IF(AND(BE164>=$H164*(1-'Feuille de Donnée'!$E$12),BE164<=$H164*(1+'Feuille de Donnée'!$F$12)),'Feuille de Donnée'!$F$17,IF(BE164<$H164*(1-'Feuille de Donnée'!$E$12),'Feuille de Donnée'!$F$18,'Feuille de Donnée'!$F$16))&""&IF(AND(BF164>=$I164*(1-'Feuille de Donnée'!$E$27),BF164<=$I164*(1+'Feuille de Donnée'!$F$27)),'Feuille de Donnée'!$F$32,IF(BF164<$I164*(1-'Feuille de Donnée'!$E$27),'Feuille de Donnée'!$F$33,'Feuille de Donnée'!$F$31)))))
D165: TOTAL HT | J165: =SUM($J18:J164) -> 0 | N165: =SUM(N18:N164) -> 0 | P165: =IF($J165=0,"",N165/$J165-1) | Q165: =N165-$J165 -> 0 | W165: =SUM(W18:W164) -> 0 | Y165: =IF($J165=0,"",W165/$J165-1) | Z165: =W165-$J165 -> 0 | AF165: =SUM(AF18:AF164) -> 0 | AH165: =IF($J165=0,"",AF165/$J165-1) | AI165: =AF165-$J165 -> 0 | AO165: =SUM(AO18:AO164) -> 0 | AQ165: =IF($J165=0,"",AO165/$J165-1) | AR165: =AO165-$J165 -> 0 | AX165: =SUM(AX18:AX164) -> 0 | AZ165: =IF($J165=0,"",AX165/$J165-1) | BA165: =AX165-$J165 -> 0 | BG165: =SUM(BG18:BG164) -> 0 | BI165: =IF($J165=0,"",BG165/$J165-1) | BJ165: =BG165-$J165 -> 0
T167: Erreur de multipication | AC167: Erreur d'arrondi | AL167: Erreur d'arrondi | AU167: Erreur d'arrondi
V168: Ecart de | W168: 83.12 | AE168: Ecart de | AF168: 0.95 | AQ168: Ecart de | AR168: 0.95 | AZ168: Ecart de | BA168: 0.95

Sheet Questions global
A1: =ETANCHEITE!K17 -> Entreprise 1 | J1: =ETANCHEITE!T17 -> Entreprise 2 | S1: =ETANCHEITE!AC17 -> Entreprise 3 | AB1: =ETANCHEITE!AL17 -> Entreprise 4 | AK1: =ETANCHEITE!AU17 -> Entreprise 5 | AT1: =ETANCHEITE!BD17 -> Entreprise 6
A2: N° | B2: Offre | C2: Lot concerné | D2: ligne article | E2: Article | F2: REMARQUES SUR l'OFFRE | G2: Date | H2: Ecart quantité | I2: Ecart PU | J2: N° | K2: Offre | L2: Lot concerné | M2: ligne article | N2: Article | O2: REMARQUES SUR l'OFFRE | P2: Date | Q2: Ecart quantité | R2: Ecart PU | S2: N° | T2: Offre | U2: Lot concerné | V2: ligne article | W2: Article | X2: REMARQUES SUR l'OFFRE | Y2: Date | Z2: Ecart quantité | AA2: Ecart PU | AB2: N° | AC2: Offre | AD2: Lot concerné | AE2: ligne article | AF2: Article | AG2: REMARQUES SUR l'OFFRE | AH2: Date | AI2: Ecart quantité | AJ2: Ecart PU | AK2: N° | AL2: Offre | AM2: Lot concerné | AN2: ligne article | AO2: Article | AP2: REMARQUES SUR l'OFFRE | AQ2: Date | AR2: Ecart quantité | AS2: Ecart PU | AT2: N° | AU2: Offre | AV2: Lot concerné | AW2: ligne article | AX2: Article | AY2: REMARQUES SUR l'OFFRE | AZ2: Date | BA2: Ecart quantité | BB2: Ecart PU
A3: 1 | B3: =IF(F3<>" ",ETANCHEITE!$D$5,"") | C3: =IF(F3<>" ",ETANCHEITE!$D$8,"") | D3: =IFERROR(MATCH(A3,ETANCHEITE!Q$19:Q$164,0)+18,"") | E3: {=IFERROR(IF(_xlfn.XLOOKUP(A3,ETANCHEITE!Q$19:Q$164,ETANCHEITE!$A$19:$A$164,"")<>"",_xlfn.XLOOKUP(A3,ETANCHEITE!Q$19:Q$164,ETANCHEITE!$A$19:$A$164,""), INDEX(ETANCHEITE!$A:$A,MAX(_xlfn._xlws.FILTER(ROW(ETANCHEITE!$A$19:INDIRECT("'MENUISERIES EXTERIEURES'!$A" & D3-1)),ETANCHEITE!$A$19:INDIRECT("'MENUISERIES EXTERIEURES'!$A" & D3-1)<>"")))),"")&" "&IFERROR(_xlfn.XLOOKUP(A3,ETANCHEITE!Q$19:Q$164,ETANCHEITE!$B$19:$B$164),"")&IFERROR(_xlfn.XLOOKUP(A3,ETANCHEITE!Q$19:Q$164,ETANCHEITE!$C$19:$C$164),"")&IFERROR(_xlfn.XLOOKUP(A3,ETANCHEITE!Q$19:Q$164,ETANCHEITE!$D$19:$D$164),"")&IFERROR(_xlfn.XLOOKUP(A3,ETANCHEITE!Q$19:Q$164,ETANCHEITE!$E$19:$E$164),"")&IFERROR(_xlfn.XLOOKUP(A3,ETANCHEITE!Q$19:Q$164,ETANCHEITE!$F$19:$F$164),"")} | F3: =IFERROR(VLOOKUP(A3,ETANCHEITE!Q$19:S$164,2,FALSE),"")&" "&IFERROR(VLOOKUP(A3,ETANCHEITE!Q$19:S$164,3,FALSE),"") | G3: =IF(F3<>" ",'Feuille de Donnée'!$C$3,"") | H3: {=IFERROR(IF(_xlfn.XLOOKUP(A3,ETANCHEITE!Q$19:Q$89,ETANCHEITE!O$19:O$89,"")<>"",_xlfn.XLOOKUP(A3,ETANCHEITE!Q$19:Q$89,ETANCHEITE!O$19:O$89,""), INDEX(ETANCHEITE!O:O,MAX(_xlfn._xlws.FILTER(ROW(ETANCHEITE!O$19:INDIRECT("'PEINTURE'!O" & D3-1)),ETANCHEITE!O$19:INDIRECT("'PEINTURE'!O" & D3-1)<>"")))),"")} | I3: {=IFERROR(IF(_xlfn.XLOOKUP(A3,ETANCHEITE!Q$19:Q$89,ETANCHEITE!P$19:P$89,"")<>"",_xlfn.XLOOKUP(A3,ETANCHEITE!Q$19:Q$89,ETANCHEITE!P$19:P$89,""), INDEX(ETANCHEITE!P:P,MAX(_xlfn._xlws.FILTER(ROW(ETANCHEITE!P$19:INDIRECT("'PEINTURE'!P" & D3-1)),ETANCHEITE!P$19:INDIRECT("'PEINTURE'!P" & D3-1)<>"")))),"")} | J3: 1 | K3: =IF(O3<>" ",ETANCHEITE!$D$5,"") | L3: =IF(O3<>" ",ETANCHEITE!$D$8,"") | M3: =IFERROR(MATCH(J3,ETANCHEITE!Z$19:Z$164,0)+18,"") | N3: {=IFERROR(IF(_xlfn.XLOOKUP(J3,ETANCHEITE!Z$19:Z$164,ETANCHEITE!$A$19:$A$164,"")<>"",_xlfn.XLOOKUP(J3,ETANCHEITE!Z$19:Z$164,ETANCHEITE!$A$19:$A$164,""), INDEX(ETANCHEITE!$A:$A,MAX(_xlfn._xlws.FILTER(ROW(ETANCHEITE!$A$19:INDIRECT("'MENUISERIES EXTERIEURES'!$A" & M3-1)),ETANCHEITE!$A$19:INDIRECT("'MENUISERIES EXTERIEURES'!$A" & M3-1)<>"")))),"")&" "&IFERROR(_xlfn.XLOOKUP(J3,ETANCHEITE!Z$19:Z$164,ETANCHEITE!$B$19:$B$164),"")&IFERROR(_xlfn.XLOOKUP(J3,ETANCHEITE!Z$19:Z$164,ETANCHEITE!$C$19:$C$164),"")&IFERROR(_xlfn.XLOOKUP(J3,ETANCHEITE!Z$19:Z$164,ETANCHEITE!$D$19:$D$164),"")&IFERROR(_xlfn.XLOOKUP(J3,ETANCHEITE!Z$19:Z$164,ETANCHEITE!$E$19:$E$164),"")&IFERROR(_xlfn.XLOOKUP(J3,ETANCHEITE!Z$19:Z$164,ETANCHEITE!$F$19:$F$164),"")} | O3: =IFERROR(VLOOKUP(J3,ETANCHEITE!Z$19:AB$164,2,FALSE),"")&" "&IFERROR(VLOOKUP(J3,ETANCHEITE!Z$19:AB$164,3,FALSE),"") | P3: =IF(O3<>" ",'Feuille de Donnée'!$C$3,"") | Q3: {=IFERROR(IF(_xlfn.XLOOKUP(J3,ETANCHEITE!Z$19:Z$89,ETANCHEITE!X$19:X$89,"")<>"",_xlfn.XLOOKUP(J3,ETANCHEITE!Z$19:Z$89,ETANCHEITE!X$19:X$89,""), INDEX(ETANCHEITE!X:X,MAX(_xlfn._xlws.FILTER(ROW(ETANCHEITE!X$19:INDIRECT("'PEINTURE'!O" & M3-1)),ETANCHEITE!X$19:INDIRECT("'PEINTURE'!O" & M3-1)<>"")))),"")} | R3: {=IFERROR(IF(_xlfn.XLOOKUP(J3,ETANCHEITE!Z$19:Z$89,ETANCHEITE!Y$19:Y$89,"")<>"",_xlfn.XLOOKUP(J3,ETANCHEITE!Z$19:Z$89,ETANCHEITE!Y$19:Y$89,""), INDEX(ETANCHEITE!Y:Y,MAX(_xlfn._xlws.FILTER(ROW(ETANCHEITE!Y$19:INDIRECT("'PEINTURE'!P" & M3-1)),ETANCHEITE!Y$19:INDIRECT("'PEINTURE'!P" & M3-1)<>"")))),"")} | S3: 1 | T3: =IF(X3<>" ",ETANCHEITE!$D$5,"") | U3: =IF(X3<>" ",ETANCHEITE!$D$8,"") | V3: =IFERROR(MATCH(S3,ETANCHEITE!AI$19:AI$164,0)+18,"") | W3: {=IFERROR(IF(_xlfn.XLOOKUP(S3,ETANCHEITE!AI$19:AI$164,ETANCHEITE!$A$19:$A$164,"")<>"",_xlfn.XLOOKUP(S3,ETANCHEITE!AI$19:AI$164,ETANCHEITE!$A$19:$A$164,""), INDEX(ETANCHEITE!$A:$A,MAX(_xlfn._xlws.FILTER(ROW(ETANCHEITE!$A$19:INDIRECT("'MENUISERIES EXTERIEURES'!$A" & V3-1)),ETANCHEITE!$A$19:INDIRECT("'MENUISERIES EXTERIEURES'!$A" & V3-1)<>"")))),"")&" "&IFERROR(_xlfn.XLOOKUP(S3,ETANCHEITE!AI$19:AI$164,ETANCHEITE!$B$19:$B$164),"")&IFERROR(_xlfn.XLOOKUP(S3,ETANCHEITE!AI$19:AI$164,ETANCHEITE!$C$19:$C$164),"")&IFERROR(_xlfn.XLOOKUP(S3,ETANCHEITE!AI$19:AI$164,ETANCHEITE!$D$19:$D$164),"")&IFERROR(_xlfn.XLOOKUP(S3,ETANCHEITE!AI$19:AI$164,ETANCHEITE!$E$19:$E$164),"")&IFERROR(_xlfn.XLOOKUP(S3,ETANCHEITE!AI$19:AI$164,ETANCHEITE!$F$19:$F$164),"")} | X3: =IFERROR(VLOOKUP(S3,ETANCHEITE!AI$19:AK$164,2,FALSE),"")&" "&IFERROR(VLOOKUP(S3,ETANCHEITE!AI$19:AK$164,3,FALSE),"") | Y3: =IF(X3<>" ",'Feuille de Donnée'!$C$3,"") | Z3: {=IFERROR(IF(_xlfn.XLOOKUP(S3,ETANCHEITE!AI$19:AI$89,ETANCHEITE!AG$19:AG$89,"")<>"",_xlfn.XLOOKUP(S3,ETANCHEITE!AI$19:AI$89,ETANCHEITE!AG$19:AG$89,""), INDEX(ETANCHEITE!AG:AG,MAX(_xlfn._xlws.FILTER(ROW(ETANCHEITE!AG$19:INDIRECT("'PEINTURE'!O" & V3-1)),ETANCHEITE!AG$19:INDIRECT("'PEINTURE'!O" & V3-1)<>"")))),"")} | AA3: {=IFERROR(IF(_xlfn.XLOOKUP(S3,ETANCHEITE!AI$19:AI$89,ETANCHEITE!AH$19:AH$89,"")<>"",_xlfn.XLOOKUP(S3,ETANCHEITE!AI$19:AI$89,ETANCHEITE!AH$19:AH$89,""), INDEX(ETANCHEITE!AH:AH,MAX(_xlfn._xlws.FILTER(ROW(ETANCHEITE!AH$19:INDIRECT("'PEINTURE'!P" & V3-1)),ETANCHEITE!AH$19:INDIRECT("'PEINTURE'!P" & V3-1)<>"")))),"")} | AB3: 1 | AC3: =IF(AG3<>" ",ETANCHEITE!$D$5,"") | AD3: =IF(AG3<>" ",ETANCHEITE!$D$8,"") | AE3: =IFERROR(MATCH(AB3,ETANCHEITE!AR$19:AR$164,0)+18,"") | AF3: {=IFERROR(IF(_xlfn.XLOOKUP(AB3,ETANCHEITE!AR$19:AR$164,ETANCHEITE!$A$19:$A$164,"")<>"",_xlfn.XLOOKUP(AB3,ETANCHEITE!AR$19:AR$164,ETANCHEITE!$A$19:$A$164,""), INDEX(ETANCHEITE!$A:$A,MAX(_xlfn._xlws.FILTER(ROW(ETANCHEITE!$A$19:INDIRECT("'MENUISERIES EXTERIEURES'!$A" & AE3-1)),ETANCHEITE!$A$19:INDIRECT("'MENUISERIES EXTERIEURES'!$A" & AE3-1)<>"")))),"")&" "&IFERROR(_xlfn.XLOOKUP(AB3,ETANCHEITE!AR$19:AR$164,ETANCHEITE!$B$19:$B$164),"")&IFERROR(_xlfn.XLOOKUP(AB3,ETANCHEITE!AR$19:AR$164,ETANCHEITE!$C$19:$C$164),"")&IFERROR(_xlfn.XLOOKUP(AB3,ETANCHEITE!AR$19:AR$164,ETANCHEITE!$D$19:$D$164),"")&IFERROR(_xlfn.XLOOKUP(AB3,ETANCHEITE!AR$19:AR$164,ETANCHEITE!$E$19:$E$164),"")&IFERROR(_xlfn.XLOOKUP(AB3,ETANCHEITE!AR$19:AR$164,ETANCHEITE!$F$19:$F$164),"")} | AG3: =IFERROR(VLOOKUP(AB3,ETANCHEITE!AR$19:AT$164,2,FALSE),"")&" "&IFERROR(VLOOKUP(AB3,ETANCHEITE!AR$19:AT$164,3,FALSE),"") | AH3: =IF(AG3<>" ",'Feuille de Donnée'!$C$3,"") | AI3: {=IFERROR(IF(_xlfn.XLOOKUP(AB3,ETANCHEITE!AR$19:AR$89,ETANCHEITE!AP$19:AP$89,"")<>"",_xlfn.XLOOKUP(AB3,ETANCHEITE!AR$19:AR$89,ETANCHEITE!AP$19:AP$89,""), INDEX(ETANCHEITE!AP:AP,MAX(_xlfn._xlws.FILTER(ROW(ETANCHEITE!AP$19:INDIRECT("'PEINTURE'!O" & AE3-1)),ETANCHEITE!AP$19:INDIRECT("'PEINTURE'!O" & AE3-1)<>"")))),"")} | AJ3: {=IFERROR(IF(_xlfn.XLOOKUP(AB3,ETANCHEITE!AR$19:AR$89,ETANCHEITE!AQ$19:AQ$89,"")<>"",_xlfn.XLOOKUP(AB3,ETANCHEITE!AR$19:AR$89,ETANCHEITE!AQ$19:AQ$89,""), INDEX(ETANCHEITE!AQ:AQ,MAX(_xlfn._xlws.FILTER(ROW(ETANCHEITE!AQ$19:INDIRECT("'PEINTURE'!P" & AE3-1)),ETANCHEITE!AQ$19:INDIRECT("'PEINTURE'!P" & AE3-1)<>"")))),"")} | AK3: 1 | AL3: =IF(AP3<>" ",ETANCHEITE!$D$5,"") | AM3: =IF(AP3<>" ",ETANCHEITE!$D$8,"") | AN3: =IFERROR(MATCH(AK3,ETANCHEITE!BA$19:BA$164,0)+18,"") | AO3: {=IFERROR(IF(_xlfn.XLOOKUP(AK3,ETANCHEITE!BA$19:BA$164,ETANCHEITE!$A$19:$A$164,"")<>"",_xlfn.XLOOKUP(AK3,ETANCHEITE!BA$19:BA$164,ETANCHEITE!$A$19:$A$164,""), INDEX(ETANCHEITE!$A:$A,MAX(_xlfn._xlws.FILTER(ROW(ETANCHEITE!$A$19:INDIRECT("'MENUISERIES EXTERIEURES'!$A" & AN3-1)),ETANCHEITE!$A$19:INDIRECT("'MENUISERIES EXTERIEURES'!$A" & AN3-1)<>"")))),"")&" "&IFERROR(_xlfn.XLOOKUP(AK3,ETANCHEITE!BA$19:BA$164,ETANCHEITE!$B$19:$B$164),"")&IFERROR(_xlfn.XLOOKUP(AK3,ETANCHEITE!BA$19:BA$164,ETANCHEITE!$C$19:$C$164),"")&IFERROR(_xlfn.XLOOKUP(AK3,ETANCHEITE!BA$19:BA$164,ETANCHEITE!$D$19:$D$164),"")&IFERROR(_xlfn.XLOOKUP(AK3,ETANCHEITE!BA$19:BA$164,ETANCHEITE!$E$19:$E$164),"")&IFERROR(_xlfn.XLOOKUP(AK3,ETANCHEITE!BA$19:BA$164,ETANCHEITE!$F$19:$F$164),"")} | AP3: =IFERROR(VLOOKUP(AK3,ETANCHEITE!BA$19:BC$164,2,FALSE),"")&" "&IFERROR(VLOOKUP(AK3,ETANCHEITE!BA$19:BC$164,3,FALSE),"") | AQ3: =IF(AP3<>" ",'Feuille de Donnée'!$C$3,"") | AR3: {=IFERROR(IF(_xlfn.XLOOKUP(AK3,ETANCHEITE!BA$19:BA$89,ETANCHEITE!AY$19:AY$89,"")<>"",_xlfn.XLOOKUP(AK3,ETANCHEITE!BA$19:BA$89,ETANCHEITE!AY$19:AY$89,""), INDEX(ETANCHEITE!AY:AY,MAX(_xlfn._xlws.FILTER(ROW(ETANCHEITE!AY$19:INDIRECT("'PEINTURE'!O" & AN3-1)),ETANCHEITE!AY$19:INDIRECT("'PEINTURE'!O" & AN3-1)<>"")))),"")} | AS3: {=IFERROR(IF(_xlfn.XLOOKUP(AK3,ETANCHEITE!BA$19:BA$89,ETANCHEITE!AZ$19:AZ$89,"")<>"",_xlfn.XLOOKUP(AK3,ETANCHEITE!BA$19:BA$89,ETANCHEITE!AZ$19:AZ$89,""), INDEX(ETANCHEITE!AZ:AZ,MAX(_xlfn._xlws.FILTER(ROW(ETANCHEITE!AZ$19:INDIRECT("'PEINTURE'!P" & AN3-1)),ETANCHEITE!AZ$19:INDIRECT("'PEINTURE'!P" & AN3-1)<>"")))),"")} | AT3: 1 | AU3: =IF(AY3<>" ",ETANCHEITE!$D$5,"") | AV3: =IF(AY3<>" ",ETANCHEITE!$D$8,"") | AW3: =IFERROR(MATCH(AT3,ETANCHEITE!BJ$19:BJ$164,0)+18,"") | AX3: {=IFERROR(IF(_xlfn.XLOOKUP(AT3,ETANCHEITE!BJ$19:BJ$164,ETANCHEITE!$A$19:$A$164,"")<>"",_xlfn.XLOOKUP(AT3,ETANCHEITE!BJ$19:BJ$164,ETANCHEITE!$A$19:$A$164,""), INDEX(ETANCHEITE!$A:$A,MAX(_xlfn._xlws.FILTER(ROW(ETANCHEITE!$A$19:INDIRECT("'MENUISERIES EXTERIEURES'!$A" & AW3-1)),ETANCHEITE!$A$19:INDIRECT("'MENUISERIES EXTERIEURES'!$A" & AW3-1)<>"")))),"")&" "&IFERROR(_xlfn.XLOOKUP(AT3,ETANCHEITE!BJ$19:BJ$164,ETANCHEITE!$B$19:$B$164),"")&IFERROR(_xlfn.XLOOKUP(AT3,ETANCHEITE!BJ$19:BJ$164,ETANCHEITE!$C$19:$C$164),"")&IFERROR(_xlfn.XLOOKUP(AT3,ETANCHEITE!BJ$19:BJ$164,ETANCHEITE!$D$19:$D$164),"")&IFERROR(_xlfn.XLOOKUP(AT3,ETANCHEITE!BJ$19:BJ$164,ETANCHEITE!$E$19:$E$164),"")&IFERROR(_xlfn.XLOOKUP(AT3,ETANCHEITE!BJ$19:BJ$164,ETANCHEITE!$F$19:$F$164),"")} | AY3: =IFERROR(VLOOKUP(AT3,ETANCHEITE!BJ$19:BL$164,2,FALSE),"")&" "&IFERROR(VLOOKUP(AT3,ETANCHEITE!BJ$19:BL$164,3,FALSE),"") | AZ3: =IF(AY3<>" ",'Feuille de Donnée'!$C$3,"") | BA3: {=IFERROR(IF(_xlfn.XLOOKUP(AT3,ETANCHEITE!BJ$19:BJ$89,ETANCHEITE!BH$19:BH$89,"")<>"",_xlfn.XLOOKUP(AT3,ETANCHEITE!BJ$19:BJ$89,ETANCHEITE!BH$19:BH$89,""), INDEX(ETANCHEITE!BH:BH,MAX(_xlfn._xlws.FILTER(ROW(ETANCHEITE!BH$19:INDIRECT("'PEINTURE'!O" & AW3-1)),ETANCHEITE!BH$19:INDIRECT("'PEINTURE'!O" & AW3-1)<>"")))),"")} | BB3: {=IFERROR(IF(_xlfn.XLOOKUP(AT3,ETANCHEITE!BJ$19:BJ$89,ETANCHEITE!BI$19:BI$89,"")<>"",_xlfn.XLOOKUP(AT3,ETANCHEITE!BJ$19:BJ$89,ETANCHEITE!BI$19:BI$89,""), INDEX(ETANCHEITE!BI:BI,MAX(_xlfn._xlws.FILTER(ROW(ETANCHEITE!BI$19:INDIRECT("'PEINTURE'!P" & AW3-1)),ETANCHEITE!BI$19:INDIRECT("'PEINTURE'!P" & AW3-1)<>"")))),"")}
A4: 2 | B4: =IF(F4<>" ",ETANCHEITE!$D$5,"") | C4: =IF(F4<>" ",ETANCHEITE!$D$8,"") | D4: =IFERROR(MATCH(A4,ETANCHEITE!Q$19:Q$164,0)+18,"") | E4: {=IFERROR(IF(_xlfn.XLOOKUP(A4,ETANCHEITE!Q$20:Q$165,ETANCHEITE!$A$20:$A$165,"")<>"",_xlfn.XLOOKUP(A4,ETANCHEITE!Q$20:Q$165,ETANCHEITE!$A$20:$A$165,""), INDEX(ETANCHEITE!$A:$A,MAX(_xlfn._xlws.FILTER(ROW(ETANCHEITE!$A$20:INDIRECT("'MENUISERIES EXTERIEURES'!$A" & D4-1)),ETANCHEITE!$A$20:INDIRECT("'MENUISERIES EXTERIEURES'!$A" & D4-1)<>"")))),"")&" "&IFERROR(_xlfn.XLOOKUP(A4,ETANCHEITE!Q$20:Q$165,ETANCHEITE!$B$20:$B$165),"")&IFERROR(_xlfn.XLOOKUP(A4,ETANCHEITE!Q$20:Q$165,ETANCHEITE!$C$20:$C$165),"")&IFERROR(_xlfn.XLOOKUP(A4,ETANCHEITE!Q$20:Q$165,ETANCHEITE!$D$20:$D$165),"")&IFERROR(_xlfn.XLOOKUP(A4,ETANCHEITE!Q$20:Q$165,ETANCHEITE!$E$20:$E$165),"")&IFERROR(_xlfn.XLOOKUP(A4,ETANCHEITE!Q$20:Q$165,ETANCHEITE!$F$20:$F$165),"")} | F4: =IFERROR(VLOOKUP(A4,ETANCHEITE!Q$19:S$164,2,FALSE),"")&" "&IFERROR(VLOOKUP(A4,ETANCHEITE!Q$19:S$164,3,FALSE),"") | G4: =IF(F4<>" ",'Feuille de Donnée'!$C$3,"") | H4: {=IFERROR(IF(_xlfn.XLOOKUP(A4,ETANCHEITE!Q$19:Q$89,ETANCHEITE!O$19:O$89,"")<>"",_xlfn.XLOOKUP(A4,ETANCHEITE!Q$19:Q$89,ETANCHEITE!O$19:O$89,""), INDEX(ETANCHEITE!O:O,MAX(_xlfn._xlws.FILTER(ROW(ETANCHEITE!O$19:INDIRECT("'PEINTURE'!O" & D4-1)),ETANCHEITE!O$19:INDIRECT("'PEINTURE'!O" & D4-1)<>"")))),"")} | I4: {=IFERROR(IF(_xlfn.XLOOKUP(A4,ETANCHEITE!Q$19:Q$89,ETANCHEITE!P$19:P$89,"")<>"",_xlfn.XLOOKUP(A4,ETANCHEITE!Q$19:Q$89,ETANCHEITE!P$19:P$89,""), INDEX(ETANCHEITE!P:P,MAX(_xlfn._xlws.FILTER(ROW(ETANCHEITE!P$19:INDIRECT("'PEINTURE'!P" & D4-1)),ETANCHEITE!P$19:INDIRECT("'PEINTURE'!P" & D4-1)<>"")))),"")} | J4: 2 | K4: =IF(O4<>" ",ETANCHEITE!$D$5,"") | L4: =IF(O4<>" ",ETANCHEITE!$D$8,"") | M4: =IFERROR(MATCH(J4,ETANCHEITE!Z$19:Z$164,0)+18,"") | N4: {=IFERROR(IF(_xlfn.XLOOKUP(J4,ETANCHEITE!Z$19:Z$164,ETANCHEITE!$A$19:$A$164,"")<>"",_xlfn.XLOOKUP(J4,ETANCHEITE!Z$19:Z$164,ETANCHEITE!$A$19:$A$164,""), INDEX(ETANCHEITE!$A:$A,MAX(_xlfn._xlws.FILTER(ROW(ETANCHEITE!$A$19:INDIRECT("'MENUISERIES EXTERIEURES'!$A" & M4-1)),ETANCHEITE!$A$19:INDIRECT("'MENUISERIES EXTERIEURES'!$A" & M4-1)<>"")))),"")&" "&IFERROR(_xlfn.XLOOKUP(J4,ETANCHEITE!Z$19:Z$164,ETANCHEITE!$B$19:$B$164),"")&IFERROR(_xlfn.XLOOKUP(J4,ETANCHEITE!Z$19:Z$164,ETANCHEITE!$C$19:$C$164),"")&IFERROR(_xlfn.XLOOKUP(J4,ETANCHEITE!Z$19:Z$164,ETANCHEITE!$D$19:$D$164),"")&IFERROR(_xlfn.XLOOKUP(J4,ETANCHEITE!Z$19:Z$164,ETANCHEITE!$E$19:$E$164),"")&IFERROR(_xlfn.XLOOKUP(J4,ETANCHEITE!Z$19:Z$164,ETANCHEITE!$F$19:$F$164),"")} | O4: =IFERROR(VLOOKUP(J4,ETANCHEITE!Z$19:AB$164,2,FALSE),"")&" "&IFERROR(VLOOKUP(J4,ETANCHEITE!Z$19:AB$164,3,FALSE),"") | P4: =IF(O4<>" ",'Feuille de Donnée'!$C$3,"") | Q4: {=IFERROR(IF(_xlfn.XLOOKUP(J4,ETANCHEITE!Z$19:Z$89,ETANCHEITE!X$19:X$89,"")<>"",_xlfn.XLOOKUP(J4,ETANCHEITE!Z$19:Z$89,ETANCHEITE!X$19:X$89,""), INDEX(ETANCHEITE!X:X,MAX(_xlfn._xlws.FILTER(ROW(ETANCHEITE!X$19:INDIRECT("'PEINTURE'!O" & M4-1)),ETANCHEITE!X$19:INDIRECT("'PEINTURE'!O" & M4-1)<>"")))),"")} | R4: {=IFERROR(IF(_xlfn.XLOOKUP(J4,ETANCHEITE!Z$19:Z$89,ETANCHEITE!Y$19:Y$89,"")<>"",_xlfn.XLOOKUP(J4,ETANCHEITE!Z$19:Z$89,ETANCHEITE!Y$19:Y$89,""), INDEX(ETANCHEITE!Y:Y,MAX(_xlfn._xlws.FILTER(ROW(ETANCHEITE!Y$19:INDIRECT("'PEINTURE'!P" & M4-1)),ETANCHEITE!Y$19:INDIRECT("'PEINTURE'!P" & M4-1)<>"")))),"")} | S4: 2 | T4: =IF(X4<>" ",ETANCHEITE!$D$5,"") | U4: =IF(X4<>" ",ETANCHEITE!$D$8,"") | V4: =IFERROR(MATCH(S4,ETANCHEITE!AI$19:AI$164,0)+18,"") | W4: {=IFERROR(IF(_xlfn.XLOOKUP(S4,ETANCHEITE!AI$19:AI$164,ETANCHEITE!$A$19:$A$164,"")<>"",_xlfn.XLOOKUP(S4,ETANCHEITE!AI$19:AI$164,ETANCHEITE!$A$19:$A$164,""), INDEX(ETANCHEITE!$A:$A,MAX(_xlfn._xlws.FILTER(ROW(ETANCHEITE!$A$19:INDIRECT("'MENUISERIES EXTERIEURES'!$A" & V4-1)),ETANCHEITE!$A$19:INDIRECT("'MENUISERIES EXTERIEURES'!$A" & V4-1)<>"")))),"")&" "&IFERROR(_xlfn.XLOOKUP(S4,ETANCHEITE!AI$19:AI$164,ETANCHEITE!$B$19:$B$164),"")&IFERROR(_xlfn.XLOOKUP(S4,ETANCHEITE!AI$19:AI$164,ETANCHEITE!$C$19:$C$164),"")&IFERROR(_xlfn.XLOOKUP(S4,ETANCHEITE!AI$19:AI$164,ETANCHEITE!$D$19:$D$164),"")&IFERROR(_xlfn.XLOOKUP(S4,ETANCHEITE!AI$19:AI$164,ETANCHEITE!$E$19:$E$164),"")&IFERROR(_xlfn.XLOOKUP(S4,ETANCHEITE!AI$19:AI$164,ETANCHEITE!$F$19:$F$164),"")} | X4: =IFERROR(VLOOKUP(S4,ETANCHEITE!AI$19:AK$164,2,FALSE),"")&" "&IFERROR(VLOOKUP(S4,ETANCHEITE!AI$19:AK$164,3,FALSE),"") | Y4: =IF(X4<>" ",'Feuille de Donnée'!$C$3,"") | Z4: {=IFERROR(IF(_xlfn.XLOOKUP(S4,ETANCHEITE!AI$19:AI$89,ETANCHEITE!AG$19:AG$89,"")<>"",_xlfn.XLOOKUP(S4,ETANCHEITE!AI$19:AI$89,ETANCHEITE!AG$19:AG$89,""), INDEX(ETANCHEITE!AG:AG,MAX(_xlfn._xlws.FILTER(ROW(ETANCHEITE!AG$19:INDIRECT("'PEINTURE'!O" & V4-1)),ETANCHEITE!AG$19:INDIRECT("'PEINTURE'!O" & V4-1)<>"")))),"")} | AA4: {=IFERROR(IF(_xlfn.XLOOKUP(S4,ETANCHEITE!AI$19:AI$89,ETANCHEITE!AH$19:AH$89,"")<>"",_xlfn.XLOOKUP(S4,ETANCHEITE!AI$19:AI$89,ETANCHEITE!AH$19:AH$89,""), INDEX(ETANCHEITE!AH:AH,MAX(_xlfn._xlws.FILTER(ROW(ETANCHEITE!AH$19:INDIRECT("'PEINTURE'!P" & V4-1)),ETANCHEITE!AH$19:INDIRECT("'PEINTURE'!P" & V4-1)<>"")))),"")} | AB4: 2 | AC4: =IF(AG4<>" ",ETANCHEITE!$D$5,"") | AD4: =IF(AG4<>" ",ETANCHEITE!$D$8,"") | AE4: =IFERROR(MATCH(AB4,ETANCHEITE!AR$19:AR$164,0)+18,"") | AF4: {=IFERROR(IF(_xlfn.XLOOKUP(AB4,ETANCHEITE!AR$19:AR$164,ETANCHEITE!$A$19:$A$164,"")<>"",_xlfn.XLOOKUP(AB4,ETANCHEITE!AR$19:AR$164,ETANCHEITE!$A$19:$A$164,""), INDEX(ETANCHEITE!$A:$A,MAX(_xlfn._xlws.FILTER(ROW(ETANCHEITE!$A$19:INDIRECT("'MENUISERIES EXTERIEURES'!$A" & AE4-1)),ETANCHEITE!$A$19:INDIRECT("'MENUISERIES EXTERIEURES'!$A" & AE4-1)<>"")))),"")&" "&IFERROR(_xlfn.XLOOKUP(AB4,ETANCHEITE!AR$19:AR$164,ETANCHEITE!$B$19:$B$164),"")&IFERROR(_xlfn.XLOOKUP(AB4,ETANCHEITE!AR$19:AR$164,ETANCHEITE!$C$19:$C$164),"")&IFERROR(_xlfn.XLOOKUP(AB4,ETANCHEITE!AR$19:AR$164,ETANCHEITE!$D$19:$D$164),"")&IFERROR(_xlfn.XLOOKUP(AB4,ETANCHEITE!AR$19:AR$164,ETANCHEITE!$E$19:$E$164),"")&IFERROR(_xlfn.XLOOKUP(AB4,ETANCHEITE!AR$19:AR$164,ETANCHEITE!$F$19:$F$164),"")} | AG4: =IFERROR(VLOOKUP(AB4,ETANCHEITE!AR$19:AT$164,2,FALSE),"")&" "&IFERROR(VLOOKUP(AB4,ETANCHEITE!AR$19:AT$164,3,FALSE),"") | AH4: =IF(AG4<>" ",'Feuille de Donnée'!$C$3,"") | AI4: {=IFERROR(IF(_xlfn.XLOOKUP(AB4,ETANCHEITE!AR$19:AR$89,ETANCHEITE!AP$19:AP$89,"")<>"",_xlfn.XLOOKUP(AB4,ETANCHEITE!AR$19:AR$89,ETANCHEITE!AP$19:AP$89,""), INDEX(ETANCHEITE!AP:AP,MAX(_xlfn._xlws.FILTER(ROW(ETANCHEITE!AP$19:INDIRECT("'PEINTURE'!O" & AE4-1)),ETANCHEITE!AP$19:INDIRECT("'PEINTURE'!O" & AE4-1)<>"")))),"")} | AJ4: {=IFERROR(IF(_xlfn.XLOOKUP(AB4,ETANCHEITE!AR$19:AR$89,ETANCHEITE!AQ$19:AQ$89,"")<>"",_xlfn.XLOOKUP(AB4,ETANCHEITE!AR$19:AR$89,ETANCHEITE!AQ$19:AQ$89,""), INDEX(ETANCHEITE!AQ:AQ,MAX(_xlfn._xlws.FILTER(ROW(ETANCHEITE!AQ$19:INDIRECT("'PEINTURE'!P" & AE4-1)),ETANCHEITE!AQ$19:INDIRECT("'PEINTURE'!P" & AE4-1)<>"")))),"")} | AK4: 2 | AL4: =IF(AP4<>" ",ETANCHEITE!$D$5,"") | AM4: =IF(AP4<>" ",ETANCHEITE!$D$8,"") | AN4: =IFERROR(MATCH(AK4,ETANCHEITE!BA$19:BA$164,0)+18,"") | AO4: {=IFERROR(IF(_xlfn.XLOOKUP(AK4,ETANCHEITE!BA$19:BA$164,ETANCHEITE!$A$19:$A$164,"")<>"",_xlfn.XLOOKUP(AK4,ETANCHEITE!BA$19:BA$164,ETANCHEITE!$A$19:$A$164,""), INDEX(ETANCHEITE!$A:$A,MAX(_xlfn._xlws.FILTER(ROW(ETANCHEITE!$A$19:INDIRECT("'MENUISERIES EXTERIEURES'!$A" & AN4-1)),ETANCHEITE!$A$19:INDIRECT("'MENUISERIES EXTERIEURES'!$A" & AN4-1)<>"")))),"")&" "&IFERROR(_xlfn.XLOOKUP(AK4,ETANCHEITE!BA$19:BA$164,ETANCHEITE!$B$19:$B$164),"")&IFERROR(_xlfn.XLOOKUP(AK4,ETANCHEITE!BA$19:BA$164,ETANCHEITE!$C$19:$C$164),"")&IFERROR(_xlfn.XLOOKUP(AK4,ETANCHEITE!BA$19:BA$164,ETANCHEITE!$D$19:$D$164),"")&IFERROR(_xlfn.XLOOKUP(AK4,ETANCHEITE!BA$19:BA$164,ETANCHEITE!$E$19:$E$164),"")&IFERROR(_xlfn.XLOOKUP(AK4,ETANCHEITE!BA$19:BA$164,ETANCHEITE!$F$19:$F$164),"")} | AP4: =IFERROR(VLOOKUP(AK4,ETANCHEITE!BA$19:BC$164,2,FALSE),"")&" "&IFERROR(VLOOKUP(AK4,ETANCHEITE!BA$19:BC$164,3,FALSE),"") | AQ4: =IF(AP4<>" ",'Feuille de Donnée'!$C$3,"") | AR4: {=IFERROR(IF(_xlfn.XLOOKUP(AK4,ETANCHEITE!BA$19:BA$89,ETANCHEITE!AY$19:AY$89,"")<>"",_xlfn.XLOOKUP(AK4,ETANCHEITE!BA$19:BA$89,ETANCHEITE!AY$19:AY$89,""), INDEX(ETANCHEITE!AY:AY,MAX(_xlfn._xlws.FILTER(ROW(ETANCHEITE!AY$19:INDIRECT("'PEINTURE'!O" & AN4-1)),ETANCHEITE!AY$19:INDIRECT("'PEINTURE'!O" & AN4-1)<>"")))),"")} | AS4: {=IFERROR(IF(_xlfn.XLOOKUP(AK4,ETANCHEITE!BA$19:BA$89,ETANCHEITE!AZ$19:AZ$89,"")<>"",_xlfn.XLOOKUP(AK4,ETANCHEITE!BA$19:BA$89,ETANCHEITE!AZ$19:AZ$89,""), INDEX(ETANCHEITE!AZ:AZ,MAX(_xlfn._xlws.FILTER(ROW(ETANCHEITE!AZ$19:INDIRECT("'PEINTURE'!P" & AN4-1)),ETANCHEITE!AZ$19:INDIRECT("'PEINTURE'!P" & AN4-1)<>"")))),"")} | AT4: 2 | AU4: =IF(AY4<>" ",ETANCHEITE!$D$5,"") | AV4: =IF(AY4<>" ",ETANCHEITE!$D$8,"") | AW4: =IFERROR(MATCH(AT4,ETANCHEITE!BJ$19:BJ$164,0)+18,"") | AX4: {=IFERROR(IF(_xlfn.XLOOKUP(AT4,ETANCHEITE!BJ$19:BJ$164,ETANCHEITE!$A$19:$A$164,"")<>"",_xlfn.XLOOKUP(AT4,ETANCHEITE!BJ$19:BJ$164,ETANCHEITE!$A$19:$A$164,""), INDEX(ETANCHEITE!$A:$A,MAX(_xlfn._xlws.FILTER(ROW(ETANCHEITE!$A$19:INDIRECT("'MENUISERIES EXTERIEURES'!$A" & AW4-1)),ETANCHEITE!$A$19:INDIRECT("'MENUISERIES EXTERIEURES'!$A" & AW4-1)<>"")))),"")&" "&IFERROR(_xlfn.XLOOKUP(AT4,ETANCHEITE!BJ$19:BJ$164,ETANCHEITE!$B$19:$B$164),"")&IFERROR(_xlfn.XLOOKUP(AT4,ETANCHEITE!BJ$19:BJ$164,ETANCHEITE!$C$19:$C$164),"")&IFERROR(_xlfn.XLOOKUP(AT4,ETANCHEITE!BJ$19:BJ$164,ETANCHEITE!$D$19:$D$164),"")&IFERROR(_xlfn.XLOOKUP(AT4,ETANCHEITE!BJ$19:BJ$164,ETANCHEITE!$E$19:$E$164),"")&IFERROR(_xlfn.XLOOKUP(AT4,ETANCHEITE!BJ$19:BJ$164,ETANCHEITE!$F$19:$F$164),"")} | AY4: =IFERROR(VLOOKUP(AT4,ETANCHEITE!BJ$19:BL$164,2,FALSE),"")&" "&IFERROR(VLOOKUP(AT4,ETANCHEITE!BJ$19:BL$164,3,FALSE),"") | AZ4: =IF(AY4<>" ",'Feuille de Donnée'!$C$3,"") | BA4: {=IFERROR(IF(_xlfn.XLOOKUP(AT4,ETANCHEITE!BJ$19:BJ$89,ETANCHEITE!BH$19:BH$89,"")<>"",_xlfn.XLOOKUP(AT4,ETANCHEITE!BJ$19:BJ$89,ETANCHEITE!BH$19:BH$89,""), INDEX(ETANCHEITE!BH:BH,MAX(_xlfn._xlws.FILTER(ROW(ETANCHEITE!BH$19:INDIRECT("'PEINTURE'!O" & AW4-1)),ETANCHEITE!BH$19:INDIRECT("'PEINTURE'!O" & AW4-1)<>"")))),"")} | BB4: {=IFERROR(IF(_xlfn.XLOOKUP(AT4,ETANCHEITE!BJ$19:BJ$89,ETANCHEITE!BI$19:BI$89,"")<>"",_xlfn.XLOOKUP(AT4,ETANCHEITE!BJ$19:BJ$89,ETANCHEITE!BI$19:BI$89,""), INDEX(ETANCHEITE!BI:BI,MAX(_xlfn._xlws.FILTER(ROW(ETANCHEITE!BI$19:INDIRECT("'PEINTURE'!P" & AW4-1)),ETANCHEITE!BI$19:INDIRECT("'PEINTURE'!P" & AW4-1)<>"")))),"")}
A5: 3 | B5: =IF(F5<>" ",ETANCHEITE!$D$5,"") | C5: =IF(F5<>" ",ETANCHEITE!$D$8,"") | D5: =IFERROR(MATCH(A5,ETANCHEITE!Q$19:Q$164,0)+18,"") | E5: {=IFERROR(IF(_xlfn.XLOOKUP(A5,ETANCHEITE!Q$19:Q$164,ETANCHEITE!$A$19:$A$164,"")<>"",_xlfn.XLOOKUP(A5,ETANCHEITE!Q$19:Q$164,ETANCHEITE!$A$19:$A$164,""), INDEX(ETANCHEITE!$A:$A,MAX(_xlfn._xlws.FILTER(ROW(ETANCHEITE!$A$19:INDIRECT("'MENUISERIES EXTERIEURES'!$A" & D5-1)),ETANCHEITE!$A$19:INDIRECT("'MENUISERIES EXTERIEURES'!$A" & D5-1)<>"")))),"")&" "&IFERROR(_xlfn.XLOOKUP(A5,ETANCHEITE!Q$19:Q$164,ETANCHEITE!$B$19:$B$164),"")&IFERROR(_xlfn.XLOOKUP(A5,ETANCHEITE!Q$19:Q$164,ETANCHEITE!$C$19:$C$164),"")&IFERROR(_xlfn.XLOOKUP(A5,ETANCHEITE!Q$19:Q$164,ETANCHEITE!$D$19:$D$164),"")&IFERROR(_xlfn.XLOOKUP(A5,ETANCHEITE!Q$19:Q$164,ETANCHEITE!$E$19:$E$164),"")&IFERROR(_xlfn.XLOOKUP(A5,ETANCHEITE!Q$19:Q$164,ETANCHEITE!$F$19:$F$164),"")} | F5: =IFERROR(VLOOKUP(A5,ETANCHEITE!Q$19:S$164,2,FALSE),"")&" "&IFERROR(VLOOKUP(A5,ETANCHEITE!Q$19:S$164,3,FALSE),"") | G5: =IF(F5<>" ",'Feuille de Donnée'!$C$3,"") | H5: {=IFERROR(IF(_xlfn.XLOOKUP(A5,ETANCHEITE!Q$19:Q$89,ETANCHEITE!O$19:O$89,"")<>"",_xlfn.XLOOKUP(A5,ETANCHEITE!Q$19:Q$89,ETANCHEITE!O$19:O$89,""), INDEX(ETANCHEITE!O:O,MAX(_xlfn._xlws.FILTER(ROW(ETANCHEITE!O$19:INDIRECT("'PEINTURE'!O" & D5-1)),ETANCHEITE!O$19:INDIRECT("'PEINTURE'!O" & D5-1)<>"")))),"")} | I5: {=IFERROR(IF(_xlfn.XLOOKUP(A5,ETANCHEITE!Q$19:Q$89,ETANCHEITE!P$19:P$89,"")<>"",_xlfn.XLOOKUP(A5,ETANCHEITE!Q$19:Q$89,ETANCHEITE!P$19:P$89,""), INDEX(ETANCHEITE!P:P,MAX(_xlfn._xlws.FILTER(ROW(ETANCHEITE!P$19:INDIRECT("'PEINTURE'!P" & D5-1)),ETANCHEITE!P$19:INDIRECT("'PEINTURE'!P" & D5-1)<>"")))),"")} | J5: 3 | K5: =IF(O5<>" ",ETANCHEITE!$D$5,"") | L5: =IF(O5<>" ",ETANCHEITE!$D$8,"") | M5: =IFERROR(MATCH(J5,ETANCHEITE!Z$19:Z$164,0)+18,"") | N5: {=IFERROR(IF(_xlfn.XLOOKUP(J5,ETANCHEITE!Z$19:Z$164,ETANCHEITE!$A$19:$A$164,"")<>"",_xlfn.XLOOKUP(J5,ETANCHEITE!Z$19:Z$164,ETANCHEITE!$A$19:$A$164,""), INDEX(ETANCHEITE!$A:$A,MAX(_xlfn._xlws.FILTER(ROW(ETANCHEITE!$A$19:INDIRECT("'MENUISERIES EXTERIEURES'!$A" & M5-1)),ETANCHEITE!$A$19:INDIRECT("'MENUISERIES EXTERIEURES'!$A" & M5-1)<>"")))),"")&" "&IFERROR(_xlfn.XLOOKUP(J5,ETANCHEITE!Z$19:Z$164,ETANCHEITE!$B$19:$B$164),"")&IFERROR(_xlfn.XLOOKUP(J5,ETANCHEITE!Z$19:Z$164,ETANCHEITE!$C$19:$C$164),"")&IFERROR(_xlfn.XLOOKUP(J5,ETANCHEITE!Z$19:Z$164,ETANCHEITE!$D$19:$D$164),"")&IFERROR(_xlfn.XLOOKUP(J5,ETANCHEITE!Z$19:Z$164,ETANCHEITE!$E$19:$E$164),"")&IFERROR(_xlfn.XLOOKUP(J5,ETANCHEITE!Z$19:Z$164,ETANCHEITE!$F$19:$F$164),"")} | O5: =IFERROR(VLOOKUP(J5,ETANCHEITE!Z$19:AB$164,2,FALSE),"")&" "&IFERROR(VLOOKUP(J5,ETANCHEITE!Z$19:AB$164,3,FALSE),"") | P5: =IF(O5<>" ",'Feuille de Donnée'!$C$3,"") | Q5: {=IFERROR(IF(_xlfn.XLOOKUP(J5,ETANCHEITE!Z$19:Z$89,ETANCHEITE!X$19:X$89,"")<>"",_xlfn.XLOOKUP(J5,ETANCHEITE!Z$19:Z$89,ETANCHEITE!X$19:X$89,""), INDEX(ETANCHEITE!X:X,MAX(_xlfn._xlws.FILTER(ROW(ETANCHEITE!X$19:INDIRECT("'PEINTURE'!O" & M5-1)),ETANCHEITE!X$19:INDIRECT("'PEINTURE'!O" & M5-1)<>"")))),"")} | R5: {=IFERROR(IF(_xlfn.XLOOKUP(J5,ETANCHEITE!Z$19:Z$89,ETANCHEITE!Y$19:Y$89,"")<>"",_xlfn.XLOOKUP(J5,ETANCHEITE!Z$19:Z$89,ETANCHEITE!Y$19:Y$89,""), INDEX(ETANCHEITE!Y:Y,MAX(_xlfn._xlws.FILTER(ROW(ETANCHEITE!Y$19:INDIRECT("'PEINTURE'!P" & M5-1)),ETANCHEITE!Y$19:INDIRECT("'PEINTURE'!P" & M5-1)<>"")))),"")} | S5: 3 | T5: =IF(X5<>" ",ETANCHEITE!$D$5,"") | U5: =IF(X5<>" ",ETANCHEITE!$D$8,"") | V5: =IFERROR(MATCH(S5,ETANCHEITE!AI$19:AI$164,0)+18,"") | W5: {=IFERROR(IF(_xlfn.XLOOKUP(S5,ETANCHEITE!AI$19:AI$164,ETANCHEITE!$A$19:$A$164,"")<>"",_xlfn.XLOOKUP(S5,ETANCHEITE!AI$19:AI$164,ETANCHEITE!$A$19:$A$164,""), INDEX(ETANCHEITE!$A:$A,MAX(_xlfn._xlws.FILTER(ROW(ETANCHEITE!$A$19:INDIRECT("'MENUISERIES EXTERIEURES'!$A" & V5-1)),ETANCHEITE!$A$19:INDIRECT("'MENUISERIES EXTERIEURES'!$A" & V5-1)<>"")))),"")&" "&IFERROR(_xlfn.XLOOKUP(S5,ETANCHEITE!AI$19:AI$164,ETANCHEITE!$B$19:$B$164),"")&IFERROR(_xlfn.XLOOKUP(S5,ETANCHEITE!AI$19:AI$164,ETANCHEITE!$C$19:$C$164),"")&IFERROR(_xlfn.XLOOKUP(S5,ETANCHEITE!AI$19:AI$164,ETANCHEITE!$D$19:$D$164),"")&IFERROR(_xlfn.XLOOKUP(S5,ETANCHEITE!AI$19:AI$164,ETANCHEITE!$E$19:$E$164),"")&IFERROR(_xlfn.XLOOKUP(S5,ETANCHEITE!AI$19:AI$164,ETANCHEITE!$F$19:$F$164),"")} | X5: =IFERROR(VLOOKUP(S5,ETANCHEITE!AI$19:AK$164,2,FALSE),"")&" "&IFERROR(VLOOKUP(S5,ETANCHEITE!AI$19:AK$164,3,FALSE),"") | Y5: =IF(X5<>" ",'Feuille de Donnée'!$C$3,"") | Z5: {=IFERROR(IF(_xlfn.XLOOKUP(S5,ETANCHEITE!AI$19:AI$89,ETANCHEITE!AG$19:AG$89,"")<>"",_xlfn.XLOOKUP(S5,ETANCHEITE!AI$19:AI$89,ETANCHEITE!AG$19:AG$89,""), INDEX(ETANCHEITE!AG:AG,MAX(_xlfn._xlws.FILTER(ROW(ETANCHEITE!AG$19:INDIRECT("'PEINTURE'!O" & V5-1)),ETANCHEITE!AG$19:INDIRECT("'PEINTURE'!O" & V5-1)<>"")))),"")} | AA5: {=IFERROR(IF(_xlfn.XLOOKUP(S5,ETANCHEITE!AI$19:AI$89,ETANCHEITE!AH$19:AH$89,"")<>"",_xlfn.XLOOKUP(S5,ETANCHEITE!AI$19:AI$89,ETANCHEITE!AH$19:AH$89,""), INDEX(ETANCHEITE!AH:AH,MAX(_xlfn._xlws.FILTER(ROW(ETANCHEITE!AH$19:INDIRECT("'PEINTURE'!P" & V5-1)),ETANCHEITE!AH$19:INDIRECT("'PEINTURE'!P" & V5-1)<>"")))),"")} | AB5: 3 | AC5: =IF(AG5<>" ",ETANCHEITE!$D$5,"") | AD5: =IF(AG5<>" ",ETANCHEITE!$D$8,"") | AE5: =IFERROR(MATCH(AB5,ETANCHEITE!AR$19:AR$164,0)+18,"") | AF5: {=IFERROR(IF(_xlfn.XLOOKUP(AB5,ETANCHEITE!AR$19:AR$164,ETANCHEITE!$A$19:$A$164,"")<>"",_xlfn.XLOOKUP(AB5,ETANCHEITE!AR$19:AR$164,ETANCHEITE!$A$19:$A$164,""), INDEX(ETANCHEITE!$A:$A,MAX(_xlfn._xlws.FILTER(ROW(ETANCHEITE!$A$19:INDIRECT("'MENUISERIES EXTERIEURES'!$A" & AE5-1)),ETANCHEITE!$A$19:INDIRECT("'MENUISERIES EXTERIEURES'!$A" & AE5-1)<>"")))),"")&" "&IFERROR(_xlfn.XLOOKUP(AB5,ETANCHEITE!AR$19:AR$164,ETANCHEITE!$B$19:$B$164),"")&IFERROR(_xlfn.XLOOKUP(AB5,ETANCHEITE!AR$19:AR$164,ETANCHEITE!$C$19:$C$164),"")&IFERROR(_xlfn.XLOOKUP(AB5,ETANCHEITE!AR$19:AR$164,ETANCHEITE!$D$19:$D$164),"")&IFERROR(_xlfn.XLOOKUP(AB5,ETANCHEITE!AR$19:AR$164,ETANCHEITE!$E$19:$E$164),"")&IFERROR(_xlfn.XLOOKUP(AB5,ETANCHEITE!AR$19:AR$164,ETANCHEITE!$F$19:$F$164),"")} | AG5: =IFERROR(VLOOKUP(AB5,ETANCHEITE!AR$19:AT$164,2,FALSE),"")&" "&IFERROR(VLOOKUP(AB5,ETANCHEITE!AR$19:AT$164,3,FALSE),"") | AH5: =IF(AG5<>" ",'Feuille de Donnée'!$C$3,"") | AI5: {=IFERROR(IF(_xlfn.XLOOKUP(AB5,ETANCHEITE!AR$19:AR$89,ETANCHEITE!AP$19:AP$89,"")<>"",_xlfn.XLOOKUP(AB5,ETANCHEITE!AR$19:AR$89,ETANCHEITE!AP$19:AP$89,""), INDEX(ETANCHEITE!AP:AP,MAX(_xlfn._xlws.FILTER(ROW(ETANCHEITE!AP$19:INDIRECT("'PEINTURE'!O" & AE5-1)),ETANCHEITE!AP$19:INDIRECT("'PEINTURE'!O" & AE5-1)<>"")))),"")} | AJ5: {=IFERROR(IF(_xlfn.XLOOKUP(AB5,ETANCHEITE!AR$19:AR$89,ETANCHEITE!AQ$19:AQ$89,"")<>"",_xlfn.XLOOKUP(AB5,ETANCHEITE!AR$19:AR$89,ETANCHEITE!AQ$19:AQ$89,""), INDEX(ETANCHEITE!AQ:AQ,MAX(_xlfn._xlws.FILTER(ROW(ETANCHEITE!AQ$19:INDIRECT("'PEINTURE'!P" & AE5-1)),ETANCHEITE!AQ$19:INDIRECT("'PEINTURE'!P" & AE5-1)<>"")))),"")} | AK5: 3 | AL5: =IF(AP5<>" ",ETANCHEITE!$D$5,"") | AM5: =IF(AP5<>" ",ETANCHEITE!$D$8,"") | AN5: =IFERROR(MATCH(AK5,ETANCHEITE!BA$19:BA$164,0)+18,"") | AO5: {=IFERROR(IF(_xlfn.XLOOKUP(AK5,ETANCHEITE!BA$19:BA$164,ETANCHEITE!$A$19:$A$164,"")<>"",_xlfn.XLOOKUP(AK5,ETANCHEITE!BA$19:BA$164,ETANCHEITE!$A$19:$A$164,""), INDEX(ETANCHEITE!$A:$A,MAX(_xlfn._xlws.FILTER(ROW(ETANCHEITE!$A$19:INDIRECT("'MENUISERIES EXTERIEURES'!$A" & AN5-1)),ETANCHEITE!$A$19:INDIRECT("'MENUISERIES EXTERIEURES'!$A" & AN5-1)<>"")))),"")&" "&IFERROR(_xlfn.XLOOKUP(AK5,ETANCHEITE!BA$19:BA$164,ETANCHEITE!$B$19:$B$164),"")&IFERROR(_xlfn.XLOOKUP(AK5,ETANCHEITE!BA$19:BA$164,ETANCHEITE!$C$19:$C$164),"")&IFERROR(_xlfn.XLOOKUP(AK5,ETANCHEITE!BA$19:BA$164,ETANCHEITE!$D$19:$D$164),"")&IFERROR(_xlfn.XLOOKUP(AK5,ETANCHEITE!BA$19:BA$164,ETANCHEITE!$E$19:$E$164),"")&IFERROR(_xlfn.XLOOKUP(AK5,ETANCHEITE!BA$19:BA$164,ETANCHEITE!$F$19:$F$164),"")} | AP5: =IFERROR(VLOOKUP(AK5,ETANCHEITE!BA$19:BC$164,2,FALSE),"")&" "&IFERROR(VLOOKUP(AK5,ETANCHEITE!BA$19:BC$164,3,FALSE),"") | AQ5: =IF(AP5<>" ",'Feuille de Donnée'!$C$3,"") | AR5: {=IFERROR(IF(_xlfn.XLOOKUP(AK5,ETANCHEITE!BA$19:BA$89,ETANCHEITE!AY$19:AY$89,"")<>"",_xlfn.XLOOKUP(AK5,ETANCHEITE!BA$19:BA$89,ETANCHEITE!AY$19:AY$89,""), INDEX(ETANCHEITE!AY:AY,MAX(_xlfn._xlws.FILTER(ROW(ETANCHEITE!AY$19:INDIRECT("'PEINTURE'!O" & AN5-1)),ETANCHEITE!AY$19:INDIRECT("'PEINTURE'!O" & AN5-1)<>"")))),"")} | AS5: {=IFERROR(IF(_xlfn.XLOOKUP(AK5,ETANCHEITE!BA$19:BA$89,ETANCHEITE!AZ$19:AZ$89,"")<>"",_xlfn.XLOOKUP(AK5,ETANCHEITE!BA$19:BA$89,ETANCHEITE!AZ$19:AZ$89,""), INDEX(ETANCHEITE!AZ:AZ,MAX(_xlfn._xlws.FILTER(ROW(ETANCHEITE!AZ$19:INDIRECT("'PEINTURE'!P" & AN5-1)),ETANCHEITE!AZ$19:INDIRECT("'PEINTURE'!P" & AN5-1)<>"")))),"")} | AT5: 3 | AU5: =IF(AY5<>" ",ETANCHEITE!$D$5,"") | AV5: =IF(AY5<>" ",ETANCHEITE!$D$8,"") | AW5: =IFERROR(MATCH(AT5,ETANCHEITE!BJ$19:BJ$164,0)+18,"") | AX5: {=IFERROR(IF(_xlfn.XLOOKUP(AT5,ETANCHEITE!BJ$19:BJ$164,ETANCHEITE!$A$19:$A$164,"")<>"",_xlfn.XLOOKUP(AT5,ETANCHEITE!BJ$19:BJ$164,ETANCHEITE!$A$19:$A$164,""), INDEX(ETANCHEITE!$A:$A,MAX(_xlfn._xlws.FILTER(ROW(ETANCHEITE!$A$19:INDIRECT("'MENUISERIES EXTERIEURES'!$A" & AW5-1)),ETANCHEITE!$A$19:INDIRECT("'MENUISERIES EXTERIEURES'!$A" & AW5-1)<>"")))),"")&" "&IFERROR(_xlfn.XLOOKUP(AT5,ETANCHEITE!BJ$19:BJ$164,ETANCHEITE!$B$19:$B$164),"")&IFERROR(_xlfn.XLOOKUP(AT5,ETANCHEITE!BJ$19:BJ$164,ETANCHEITE!$C$19:$C$164),"")&IFERROR(_xlfn.XLOOKUP(AT5,ETANCHEITE!BJ$19:BJ$164,ETANCHEITE!$D$19:$D$164),"")&IFERROR(_xlfn.XLOOKUP(AT5,ETANCHEITE!BJ$19:BJ$164,ETANCHEITE!$E$19:$E$164),"")&IFERROR(_xlfn.XLOOKUP(AT5,ETANCHEITE!BJ$19:BJ$164,ETANCHEITE!$F$19:$F$164),"")} | AY5: =IFERROR(VLOOKUP(AT5,ETANCHEITE!BJ$19:BL$164,2,FALSE),"")&" "&IFERROR(VLOOKUP(AT5,ETANCHEITE!BJ$19:BL$164,3,FALSE),"") | AZ5: =IF(AY5<>" ",'Feuille de Donnée'!$C$3,"") | BA5: {=IFERROR(IF(_xlfn.XLOOKUP(AT5,ETANCHEITE!BJ$19:BJ$89,ETANCHEITE!BH$19:BH$89,"")<>"",_xlfn.XLOOKUP(AT5,ETANCHEITE!BJ$19:BJ$89,ETANCHEITE!BH$19:BH$89,""), INDEX(ETANCHEITE!BH:BH,MAX(_xlfn._xlws.FILTER(ROW(ETANCHEITE!BH$19:INDIRECT("'PEINTURE'!O" & AW5-1)),ETANCHEITE!BH$19:INDIRECT("'PEINTURE'!O" & AW5-1)<>"")))),"")} | BB5: {=IFERROR(IF(_xlfn.XLOOKUP(AT5,ETANCHEITE!BJ$19:BJ$89,ETANCHEITE!BI$19:BI$89,"")<>"",_xlfn.XLOOKUP(AT5,ETANCHEITE!BJ$19:BJ$89,ETANCHEITE!BI$19:BI$89,""), INDEX(ETANCHEITE!BI:BI,MAX(_xlfn._xlws.FILTER(ROW(ETANCHEITE!BI$19:INDIRECT("'PEINTURE'!P" & AW5-1)),ETANCHEITE!BI$19:INDIRECT("'PEINTURE'!P" & AW5-1)<>"")))),"")}
A6: 4 | B6: =IF(F6<>" ",ETANCHEITE!$D$5,"") | C6: =IF(F6<>" ",ETANCHEITE!$D$8,"") | D6: =IFERROR(MATCH(A6,ETANCHEITE!Q$19:Q$164,0)+18,"") | E6: {=IFERROR(IF(_xlfn.XLOOKUP(A6,ETANCHEITE!Q$19:Q$164,ETANCHEITE!$A$19:$A$164,"")<>"",_xlfn.XLOOKUP(A6,ETANCHEITE!Q$19:Q$164,ETANCHEITE!$A$19:$A$164,""), INDEX(ETANCHEITE!$A:$A,MAX(_xlfn._xlws.FILTER(ROW(ETANCHEITE!$A$19:INDIRECT("'MENUISERIES EXTERIEURES'!$A" & D6-1)),ETANCHEITE!$A$19:INDIRECT("'MENUISERIES EXTERIEURES'!$A" & D6-1)<>"")))),"")&" "&IFERROR(_xlfn.XLOOKUP(A6,ETANCHEITE!Q$19:Q$164,ETANCHEITE!$B$19:$B$164),"")&IFERROR(_xlfn.XLOOKUP(A6,ETANCHEITE!Q$19:Q$164,ETANCHEITE!$C$19:$C$164),"")&IFERROR(_xlfn.XLOOKUP(A6,ETANCHEITE!Q$19:Q$164,ETANCHEITE!$D$19:$D$164),"")&IFERROR(_xlfn.XLOOKUP(A6,ETANCHEITE!Q$19:Q$164,ETANCHEITE!$E$19:$E$164),"")&IFERROR(_xlfn.XLOOKUP(A6,ETANCHEITE!Q$19:Q$164,ETANCHEITE!$F$19:$F$164),"")} | F6: =IFERROR(VLOOKUP(A6,ETANCHEITE!Q$19:S$164,2,FALSE),"")&" "&IFERROR(VLOOKUP(A6,ETANCHEITE!Q$19:S$164,3,FALSE),"") | G6: =IF(F6<>" ",'Feuille de Donnée'!$C$3,"") | H6: {=IFERROR(IF(_xlfn.XLOOKUP(A6,ETANCHEITE!Q$19:Q$89,ETANCHEITE!O$19:O$89,"")<>"",_xlfn.XLOOKUP(A6,ETANCHEITE!Q$19:Q$89,ETANCHEITE!O$19:O$89,""), INDEX(ETANCHEITE!O:O,MAX(_xlfn._xlws.FILTER(ROW(ETANCHEITE!O$19:INDIRECT("'PEINTURE'!O" & D6-1)),ETANCHEITE!O$19:INDIRECT("'PEINTURE'!O" & D6-1)<>"")))),"")} | I6: {=IFERROR(IF(_xlfn.XLOOKUP(A6,ETANCHEITE!Q$19:Q$89,ETANCHEITE!P$19:P$89,"")<>"",_xlfn.XLOOKUP(A6,ETANCHEITE!Q$19:Q$89,ETANCHEITE!P$19:P$89,""), INDEX(ETANCHEITE!P:P,MAX(_xlfn._xlws.FILTER(ROW(ETANCHEITE!P$19:INDIRECT("'PEINTURE'!P" & D6-1)),ETANCHEITE!P$19:INDIRECT("'PEINTURE'!P" & D6-1)<>"")))),"")} | J6: 4 | K6: =IF(O6<>" ",ETANCHEITE!$D$5,"") | L6: =IF(O6<>" ",ETANCHEITE!$D$8,"") | M6: =IFERROR(MATCH(J6,ETANCHEITE!Z$19:Z$164,0)+18,"") | N6: {=IFERROR(IF(_xlfn.XLOOKUP(J6,ETANCHEITE!Z$19:Z$164,ETANCHEITE!$A$19:$A$164,"")<>"",_xlfn.XLOOKUP(J6,ETANCHEITE!Z$19:Z$164,ETANCHEITE!$A$19:$A$164,""), INDEX(ETANCHEITE!$A:$A,MAX(_xlfn._xlws.FILTER(ROW(ETANCHEITE!$A$19:INDIRECT("'MENUISERIES EXTERIEURES'!$A" & M6-1)),ETANCHEITE!$A$19:INDIRECT("'MENUISERIES EXTERIEURES'!$A" & M6-1)<>"")))),"")&" "&IFERROR(_xlfn.XLOOKUP(J6,ETANCHEITE!Z$19:Z$164,ETANCHEITE!$B$19:$B$164),"")&IFERROR(_xlfn.XLOOKUP(J6,ETANCHEITE!Z$19:Z$164,ETANCHEITE!$C$19:$C$164),"")&IFERROR(_xlfn.XLOOKUP(J6,ETANCHEITE!Z$19:Z$164,ETANCHEITE!$D$19:$D$164),"")&IFERROR(_xlfn.XLOOKUP(J6,ETANCHEITE!Z$19:Z$164,ETANCHEITE!$E$19:$E$164),"")&IFERROR(_xlfn.XLOOKUP(J6,ETANCHEITE!Z$19:Z$164,ETANCHEITE!$F$19:$F$164),"")} | O6: =IFERROR(VLOOKUP(J6,ETANCHEITE!Z$19:AB$164,2,FALSE),"")&" "&IFERROR(VLOOKUP(J6,ETANCHEITE!Z$19:AB$164,3,FALSE),"") | P6: =IF(O6<>" ",'Feuille de Donnée'!$C$3,"") | Q6: {=IFERROR(IF(_xlfn.XLOOKUP(J6,ETANCHEITE!Z$19:Z$89,ETANCHEITE!X$19:X$89,"")<>"",_xlfn.XLOOKUP(J6,ETANCHEITE!Z$19:Z$89,ETANCHEITE!X$19:X$89,""), INDEX(ETANCHEITE!X:X,MAX(_xlfn._xlws.FILTER(ROW(ETANCHEITE!X$19:INDIRECT("'PEINTURE'!O" & M6-1)),ETANCHEITE!X$19:INDIRECT("'PEINTURE'!O" & M6-1)<>"")))),"")} | R6: {=IFERROR(IF(_xlfn.XLOOKUP(J6,ETANCHEITE!Z$19:Z$89,ETANCHEITE!Y$19:Y$89,"")<>"",_xlfn.XLOOKUP(J6,ETANCHEITE!Z$19:Z$89,ETANCHEITE!Y$19:Y$89,""), INDEX(ETANCHEITE!Y:Y,MAX(_xlfn._xlws.FILTER(ROW(ETANCHEITE!Y$19:INDIRECT("'PEINTURE'!P" & M6-1)),ETANCHEITE!Y$19:INDIRECT("'PEINTURE'!P" & M6-1)<>"")))),"")} | S6: 4 | T6: =IF(X6<>" ",ETANCHEITE!$D$5,"") | U6: =IF(X6<>" ",ETANCHEITE!$D$8,"") | V6: =IFERROR(MATCH(S6,ETANCHEITE!AI$19:AI$164,0)+18,"") | W6: {=IFERROR(IF(_xlfn.XLOOKUP(S6,ETANCHEITE!AI$19:AI$164,ETANCHEITE!$A$19:$A$164,"")<>"",_xlfn.XLOOKUP(S6,ETANCHEITE!AI$19:AI$164,ETANCHEITE!$A$19:$A$164,""), INDEX(ETANCHEITE!$A:$A,MAX(_xlfn._xlws.FILTER(ROW(ETANCHEITE!$A$19:INDIRECT("'MENUISERIES EXTERIEURES'!$A" & V6-1)),ETANCHEITE!$A$19:INDIRECT("'MENUISERIES EXTERIEURES'!$A" & V6-1)<>"")))),"")&" "&IFERROR(_xlfn.XLOOKUP(S6,ETANCHEITE!AI$19:AI$164,ETANCHEITE!$B$19:$B$164),"")&IFERROR(_xlfn.XLOOKUP(S6,ETANCHEITE!AI$19:AI$164,ETANCHEITE!$C$19:$C$164),"")&IFERROR(_xlfn.XLOOKUP(S6,ETANCHEITE!AI$19:AI$164,ETANCHEITE!$D$19:$D$164),"")&IFERROR(_xlfn.XLOOKUP(S6,ETANCHEITE!AI$19:AI$164,ETANCHEITE!$E$19:$E$164),"")&IFERROR(_xlfn.XLOOKUP(S6,ETANCHEITE!AI$19:AI$164,ETANCHEITE!$F$19:$F$164),"")} | X6: =IFERROR(VLOOKUP(S6,ETANCHEITE!AI$19:AK$164,2,FALSE),"")&" "&IFERROR(VLOOKUP(S6,ETANCHEITE!AI$19:AK$164,3,FALSE),"") | Y6: =IF(X6<>" ",'Feuille de Donnée'!$C$3,"") | Z6: {=IFERROR(IF(_xlfn.XLOOKUP(S6,ETANCHEITE!AI$19:AI$89,ETANCHEITE!AG$19:AG$89,"")<>"",_xlfn.XLOOKUP(S6,ETANCHEITE!AI$19:AI$89,ETANCHEITE!AG$19:AG$89,""), INDEX(ETANCHEITE!AG:AG,MAX(_xlfn._xlws.FILTER(ROW(ETANCHEITE!AG$19:INDIRECT("'PEINTURE'!O" & V6-1)),ETANCHEITE!AG$19:INDIRECT("'PEINTURE'!O" & V6-1)<>"")))),"")} | AA6: {=IFERROR(IF(_xlfn.XLOOKUP(S6,ETANCHEITE!AI$19:AI$89,ETANCHEITE!AH$19:AH$89,"")<>"",_xlfn.XLOOKUP(S6,ETANCHEITE!AI$19:AI$89,ETANCHEITE!AH$19:AH$89,""), INDEX(ETANCHEITE!AH:AH,MAX(_xlfn._xlws.FILTER(ROW(ETANCHEITE!AH$19:INDIRECT("'PEINTURE'!P" & V6-1)),ETANCHEITE!AH$19:INDIRECT("'PEINTURE'!P" & V6-1)<>"")))),"")} | AB6: 4 | AC6: =IF(AG6<>" ",ETANCHEITE!$D$5,"") | AD6: =IF(AG6<>" ",ETANCHEITE!$D$8,"") | AE6: =IFERROR(MATCH(AB6,ETANCHEITE!AR$19:AR$164,0)+18,"") | AF6: {=IFERROR(IF(_xlfn.XLOOKUP(AB6,ETANCHEITE!AR$19:AR$164,ETANCHEITE!$A$19:$A$164,"")<>"",_xlfn.XLOOKUP(AB6,ETANCHEITE!AR$19:AR$164,ETANCHEITE!$A$19:$A$164,""), INDEX(ETANCHEITE!$A:$A,MAX(_xlfn._xlws.FILTER(ROW(ETANCHEITE!$A$19:INDIRECT("'MENUISERIES EXTERIEURES'!$A" & AE6-1)),ETANCHEITE!$A$19:INDIRECT("'MENUISERIES EXTERIEURES'!$A" & AE6-1)<>"")))),"")&" "&IFERROR(_xlfn.XLOOKUP(AB6,ETANCHEITE!AR$19:AR$164,ETANCHEITE!$B$19:$B$164),"")&IFERROR(_xlfn.XLOOKUP(AB6,ETANCHEITE!AR$19:AR$164,ETANCHEITE!$C$19:$C$164),"")&IFERROR(_xlfn.XLOOKUP(AB6,ETANCHEITE!AR$19:AR$164,ETANCHEITE!$D$19:$D$164),"")&IFERROR(_xlfn.XLOOKUP(AB6,ETANCHEITE!AR$19:AR$164,ETANCHEITE!$E$19:$E$164),"")&IFERROR(_xlfn.XLOOKUP(AB6,ETANCHEITE!AR$19:AR$164,ETANCHEITE!$F$19:$F$164),"")} | AG6: =IFERROR(VLOOKUP(AB6,ETANCHEITE!AR$19:AT$164,2,FALSE),"")&" "&IFERROR(VLOOKUP(AB6,ETANCHEITE!AR$19:AT$164,3,FALSE),"") | AH6: =IF(AG6<>" ",'Feuille de Donnée'!$C$3,"") | AI6: {=IFERROR(IF(_xlfn.XLOOKUP(AB6,ETANCHEITE!AR$19:AR$89,ETANCHEITE!AP$19:AP$89,"")<>"",_xlfn.XLOOKUP(AB6,ETANCHEITE!AR$19:AR$89,ETANCHEITE!AP$19:AP$89,""), INDEX(ETANCHEITE!AP:AP,MAX(_xlfn._xlws.FILTER(ROW(ETANCHEITE!AP$19:INDIRECT("'PEINTURE'!O" & AE6-1)),ETANCHEITE!AP$19:INDIRECT("'PEINTURE'!O" & AE6-1)<>"")))),"")} | AJ6: {=IFERROR(IF(_xlfn.XLOOKUP(AB6,ETANCHEITE!AR$19:AR$89,ETANCHEITE!AQ$19:AQ$89,"")<>"",_xlfn.XLOOKUP(AB6,ETANCHEITE!AR$19:AR$89,ETANCHEITE!AQ$19:AQ$89,""), INDEX(ETANCHEITE!AQ:AQ,MAX(_xlfn._xlws.FILTER(ROW(ETANCHEITE!AQ$19:INDIRECT("'PEINTURE'!P" & AE6-1)),ETANCHEITE!AQ$19:INDIRECT("'PEINTURE'!P" & AE6-1)<>"")))),"")} | AK6: 4 | AL6: =IF(AP6<>" ",ETANCHEITE!$D$5,"") | AM6: =IF(AP6<>" ",ETANCHEITE!$D$8,"") | AN6: =IFERROR(MATCH(AK6,ETANCHEITE!BA$19:BA$164,0)+18,"") | AO6: {=IFERROR(IF(_xlfn.XLOOKUP(AK6,ETANCHEITE!BA$19:BA$164,ETANCHEITE!$A$19:$A$164,"")<>"",_xlfn.XLOOKUP(AK6,ETANCHEITE!BA$19:BA$164,ETANCHEITE!$A$19:$A$164,""), INDEX(ETANCHEITE!$A:$A,MAX(_xlfn._xlws.FILTER(ROW(ETANCHEITE!$A$19:INDIRECT("'MENUISERIES EXTERIEURES'!$A" & AN6-1)),ETANCHEITE!$A$19:INDIRECT("'MENUISERIES EXTERIEURES'!$A" & AN6-1)<>"")))),"")&" "&IFERROR(_xlfn.XLOOKUP(AK6,ETANCHEITE!BA$19:BA$164,ETANCHEITE!$B$19:$B$164),"")&IFERROR(_xlfn.XLOOKUP(AK6,ETANCHEITE!BA$19:BA$164,ETANCHEITE!$C$19:$C$164),"")&IFERROR(_xlfn.XLOOKUP(AK6,ETANCHEITE!BA$19:BA$164,ETANCHEITE!$D$19:$D$164),"")&IFERROR(_xlfn.XLOOKUP(AK6,ETANCHEITE!BA$19:BA$164,ETANCHEITE!$E$19:$E$164),"")&IFERROR(_xlfn.XLOOKUP(AK6,ETANCHEITE!BA$19:BA$164,ETANCHEITE!$F$19:$F$164),"")} | AP6: =IFERROR(VLOOKUP(AK6,ETANCHEITE!BA$19:BC$164,2,FALSE),"")&" "&IFERROR(VLOOKUP(AK6,ETANCHEITE!BA$19:BC$164,3,FALSE),"") | AQ6: =IF(AP6<>" ",'Feuille de Donnée'!$C$3,"") | AR6: {=IFERROR(IF(_xlfn.XLOOKUP(AK6,ETANCHEITE!BA$19:BA$89,ETANCHEITE!AY$19:AY$89,"")<>"",_xlfn.XLOOKUP(AK6,ETANCHEITE!BA$19:BA$89,ETANCHEITE!AY$19:AY$89,""), INDEX(ETANCHEITE!AY:AY,MAX(_xlfn._xlws.FILTER(ROW(ETANCHEITE!AY$19:INDIRECT("'PEINTURE'!O" & AN6-1)),ETANCHEITE!AY$19:INDIRECT("'PEINTURE'!O" & AN6-1)<>"")))),"")} | AS6: {=IFERROR(IF(_xlfn.XLOOKUP(AK6,ETANCHEITE!BA$19:BA$89,ETANCHEITE!AZ$19:AZ$89,"")<>"",_xlfn.XLOOKUP(AK6,ETANCHEITE!BA$19:BA$89,ETANCHEITE!AZ$19:AZ$89,""), INDEX(ETANCHEITE!AZ:AZ,MAX(_xlfn._xlws.FILTER(ROW(ETANCHEITE!AZ$19:INDIRECT("'PEINTURE'!P" & AN6-1)),ETANCHEITE!AZ$19:INDIRECT("'PEINTURE'!P" & AN6-1)<>"")))),"")} | AT6: 4 | AU6: =IF(AY6<>" ",ETANCHEITE!$D$5,"") | AV6: =IF(AY6<>" ",ETANCHEITE!$D$8,"") | AW6: =IFERROR(MATCH(AT6,ETANCHEITE!BJ$19:BJ$164,0)+18,"") | AX6: {=IFERROR(IF(_xlfn.XLOOKUP(AT6,ETANCHEITE!BJ$19:BJ$164,ETANCHEITE!$A$19:$A$164,"")<>"",_xlfn.XLOOKUP(AT6,ETANCHEITE!BJ$19:BJ$164,ETANCHEITE!$A$19:$A$164,""), INDEX(ETANCHEITE!$A:$A,MAX(_xlfn._xlws.FILTER(ROW(ETANCHEITE!$A$19:INDIRECT("'MENUISERIES EXTERIEURES'!$A" & AW6-1)),ETANCHEITE!$A$19:INDIRECT("'MENUISERIES EXTERIEURES'!$A" & AW6-1)<>"")))),"")&" "&IFERROR(_xlfn.XLOOKUP(AT6,ETANCHEITE!BJ$19:BJ$164,ETANCHEITE!$B$19:$B$164),"")&IFERROR(_xlfn.XLOOKUP(AT6,ETANCHEITE!BJ$19:BJ$164,ETANCHEITE!$C$19:$C$164),"")&IFERROR(_xlfn.XLOOKUP(AT6,ETANCHEITE!BJ$19:BJ$164,ETANCHEITE!$D$19:$D$164),"")&IFERROR(_xlfn.XLOOKUP(AT6,ETANCHEITE!BJ$19:BJ$164,ETANCHEITE!$E$19:$E$164),"")&IFERROR(_xlfn.XLOOKUP(AT6,ETANCHEITE!BJ$19:BJ$164,ETANCHEITE!$F$19:$F$164),"")} | AY6: =IFERROR(VLOOKUP(AT6,ETANCHEITE!BJ$19:BL$164,2,FALSE),"")&" "&IFERROR(VLOOKUP(AT6,ETANCHEITE!BJ$19:BL$164,3,FALSE),"") | AZ6: =IF(AY6<>" ",'Feuille de Donnée'!$C$3,"") | BA6: {=IFERROR(IF(_xlfn.XLOOKUP(AT6,ETANCHEITE!BJ$19:BJ$89,ETANCHEITE!BH$19:BH$89,"")<>"",_xlfn.XLOOKUP(AT6,ETANCHEITE!BJ$19:BJ$89,ETANCHEITE!BH$19:BH$89,""), INDEX(ETANCHEITE!BH:BH,MAX(_xlfn._xlws.FILTER(ROW(ETANCHEITE!BH$19:INDIRECT("'PEINTURE'!O" & AW6-1)),ETANCHEITE!BH$19:INDIRECT("'PEINTURE'!O" & AW6-1)<>"")))),"")} | BB6: {=IFERROR(IF(_xlfn.XLOOKUP(AT6,ETANCHEITE!BJ$19:BJ$89,ETANCHEITE!BI$19:BI$89,"")<>"",_xlfn.XLOOKUP(AT6,ETANCHEITE!BJ$19:BJ$89,ETANCHEITE!BI$19:BI$89,""), INDEX(ETANCHEITE!BI:BI,MAX(_xlfn._xlws.FILTER(ROW(ETANCHEITE!BI$19:INDIRECT("'PEINTURE'!P" & AW6-1)),ETANCHEITE!BI$19:INDIRECT("'PEINTURE'!P" & AW6-1)<>"")))),"")}
A7: 5 | B7: =IF(F7<>" ",ETANCHEITE!$D$5,"") | C7: =IF(F7<>" ",ETANCHEITE!$D$8,"") | D7: =IFERROR(MATCH(A7,ETANCHEITE!Q$19:Q$164,0)+18,"") | E7: {=IFERROR(IF(_xlfn.XLOOKUP(A7,ETANCHEITE!Q$19:Q$164,ETANCHEITE!$A$19:$A$164,"")<>"",_xlfn.XLOOKUP(A7,ETANCHEITE!Q$19:Q$164,ETANCHEITE!$A$19:$A$164,""), INDEX(ETANCHEITE!$A:$A,MAX(_xlfn._xlws.FILTER(ROW(ETANCHEITE!$A$19:INDIRECT("'MENUISERIES EXTERIEURES'!$A" & D7-1)),ETANCHEITE!$A$19:INDIRECT("'MENUISERIES EXTERIEURES'!$A" & D7-1)<>"")))),"")&" "&IFERROR(_xlfn.XLOOKUP(A7,ETANCHEITE!Q$19:Q$164,ETANCHEITE!$B$19:$B$164),"")&IFERROR(_xlfn.XLOOKUP(A7,ETANCHEITE!Q$19:Q$164,ETANCHEITE!$C$19:$C$164),"")&IFERROR(_xlfn.XLOOKUP(A7,ETANCHEITE!Q$19:Q$164,ETANCHEITE!$D$19:$D$164),"")&IFERROR(_xlfn.XLOOKUP(A7,ETANCHEITE!Q$19:Q$164,ETANCHEITE!$E$19:$E$164),"")&IFERROR(_xlfn.XLOOKUP(A7,ETANCHEITE!Q$19:Q$164,ETANCHEITE!$F$19:$F$164),"")} | F7: =IFERROR(VLOOKUP(A7,ETANCHEITE!Q$19:S$164,2,FALSE),"")&" "&IFERROR(VLOOKUP(A7,ETANCHEITE!Q$19:S$164,3,FALSE),"") | G7: =IF(F7<>" ",'Feuille de Donnée'!$C$3,"") | H7: {=IFERROR(IF(_xlfn.XLOOKUP(A7,ETANCHEITE!Q$19:Q$89,ETANCHEITE!O$19:O$89,"")<>"",_xlfn.XLOOKUP(A7,ETANCHEITE!Q$19:Q$89,ETANCHEITE!O$19:O$89,""), INDEX(ETANCHEITE!O:O,MAX(_xlfn._xlws.FILTER(ROW(ETANCHEITE!O$19:INDIRECT("'PEINTURE'!O" & D7-1)),ETANCHEITE!O$19:INDIRECT("'PEINTURE'!O" & D7-1)<>"")))),"")} | I7: {=IFERROR(IF(_xlfn.XLOOKUP(A7,ETANCHEITE!Q$19:Q$89,ETANCHEITE!P$19:P$89,"")<>"",_xlfn.XLOOKUP(A7,ETANCHEITE!Q$19:Q$89,ETANCHEITE!P$19:P$89,""), INDEX(ETANCHEITE!P:P,MAX(_xlfn._xlws.FILTER(ROW(ETANCHEITE!P$19:INDIRECT("'PEINTURE'!P" & D7-1)),ETANCHEITE!P$19:INDIRECT("'PEINTURE'!P" & D7-1)<>"")))),"")} | J7: 5 | K7: =IF(O7<>" ",ETANCHEITE!$D$5,"") | L7: =IF(O7<>" ",ETANCHEITE!$D$8,"") | M7: =IFERROR(MATCH(J7,ETANCHEITE!Z$19:Z$164,0)+18,"") | N7: {=IFERROR(IF(_xlfn.XLOOKUP(J7,ETANCHEITE!Z$19:Z$164,ETANCHEITE!$A$19:$A$164,"")<>"",_xlfn.XLOOKUP(J7,ETANCHEITE!Z$19:Z$164,ETANCHEITE!$A$19:$A$164,""), INDEX(ETANCHEITE!$A:$A,MAX(_xlfn._xlws.FILTER(ROW(ETANCHEITE!$A$19:INDIRECT("'MENUISERIES EXTERIEURES'!$A" & M7-1)),ETANCHEITE!$A$19:INDIRECT("'MENUISERIES EXTERIEURES'!$A" & M7-1)<>"")))),"")&" "&IFERROR(_xlfn.XLOOKUP(J7,ETANCHEITE!Z$19:Z$164,ETANCHEITE!$B$19:$B$164),"")&IFERROR(_xlfn.XLOOKUP(J7,ETANCHEITE!Z$19:Z$164,ETANCHEITE!$C$19:$C$164),"")&IFERROR(_xlfn.XLOOKUP(J7,ETANCHEITE!Z$19:Z$164,ETANCHEITE!$D$19:$D$164),"")&IFERROR(_xlfn.XLOOKUP(J7,ETANCHEITE!Z$19:Z$164,ETANCHEITE!$E$19:$E$164),"")&IFERROR(_xlfn.XLOOKUP(J7,ETANCHEITE!Z$19:Z$164,ETANCHEITE!$F$19:$F$164),"")} | O7: =IFERROR(VLOOKUP(J7,ETANCHEITE!Z$19:AB$164,2,FALSE),"")&" "&IFERROR(VLOOKUP(J7,ETANCHEITE!Z$19:AB$164,3,FALSE),"") | P7: =IF(O7<>" ",'Feuille de Donnée'!$C$3,"") | Q7: {=IFERROR(IF(_xlfn.XLOOKUP(J7,ETANCHEITE!Z$19:Z$89,ETANCHEITE!X$19:X$89,"")<>"",_xlfn.XLOOKUP(J7,ETANCHEITE!Z$19:Z$89,ETANCHEITE!X$19:X$89,""), INDEX(ETANCHEITE!X:X,MAX(_xlfn._xlws.FILTER(ROW(ETANCHEITE!X$19:INDIRECT("'PEINTURE'!O" & M7-1)),ETANCHEITE!X$19:INDIRECT("'PEINTURE'!O" & M7-1)<>"")))),"")} | R7: {=IFERROR(IF(_xlfn.XLOOKUP(J7,ETANCHEITE!Z$19:Z$89,ETANCHEITE!Y$19:Y$89,"")<>"",_xlfn.XLOOKUP(J7,ETANCHEITE!Z$19:Z$89,ETANCHEITE!Y$19:Y$89,""), INDEX(ETANCHEITE!Y:Y,MAX(_xlfn._xlws.FILTER(ROW(ETANCHEITE!Y$19:INDIRECT("'PEINTURE'!P" & M7-1)),ETANCHEITE!Y$19:INDIRECT("'PEINTURE'!P" & M7-1)<>"")))),"")} | S7: 5 | T7: =IF(X7<>" ",ETANCHEITE!$D$5,"") | U7: =IF(X7<>" ",ETANCHEITE!$D$8,"") | V7: =IFERROR(MATCH(S7,ETANCHEITE!AI$19:AI$164,0)+18,"") | W7: {=IFERROR(IF(_xlfn.XLOOKUP(S7,ETANCHEITE!AI$19:AI$164,ETANCHEITE!$A$19:$A$164,"")<>"",_xlfn.XLOOKUP(S7,ETANCHEITE!AI$19:AI$164,ETANCHEITE!$A$19:$A$164,""), INDEX(ETANCHEITE!$A:$A,MAX(_xlfn._xlws.FILTER(ROW(ETANCHEITE!$A$19:INDIRECT("'MENUISERIES EXTERIEURES'!$A" & V7-1)),ETANCHEITE!$A$19:INDIRECT("'MENUISERIES EXTERIEURES'!$A" & V7-1)<>"")))),"")&" "&IFERROR(_xlfn.XLOOKUP(S7,ETANCHEITE!AI$19:AI$164,ETANCHEITE!$B$19:$B$164),"")&IFERROR(_xlfn.XLOOKUP(S7,ETANCHEITE!AI$19:AI$164,ETANCHEITE!$C$19:$C$164),"")&IFERROR(_xlfn.XLOOKUP(S7,ETANCHEITE!AI$19:AI$164,ETANCHEITE!$D$19:$D$164),"")&IFERROR(_xlfn.XLOOKUP(S7,ETANCHEITE!AI$19:AI$164,ETANCHEITE!$E$19:$E$164),"")&IFERROR(_xlfn.XLOOKUP(S7,ETANCHEITE!AI$19:AI$164,ETANCHEITE!$F$19:$F$164),"")} | X7: =IFERROR(VLOOKUP(S7,ETANCHEITE!AI$19:AK$164,2,FALSE),"")&" "&IFERROR(VLOOKUP(S7,ETANCHEITE!AI$19:AK$164,3,FALSE),"") | Y7: =IF(X7<>" ",'Feuille de Donnée'!$C$3,"") | Z7: {=IFERROR(IF(_xlfn.XLOOKUP(S7,ETANCHEITE!AI$19:AI$89,ETANCHEITE!AG$19:AG$89,"")<>"",_xlfn.XLOOKUP(S7,ETANCHEITE!AI$19:AI$89,ETANCHEITE!AG$19:AG$89,""), INDEX(ETANCHEITE!AG:AG,MAX(_xlfn._xlws.FILTER(ROW(ETANCHEITE!AG$19:INDIRECT("'PEINTURE'!O" & V7-1)),ETANCHEITE!AG$19:INDIRECT("'PEINTURE'!O" & V7-1)<>"")))),"")} | AA7: {=IFERROR(IF(_xlfn.XLOOKUP(S7,ETANCHEITE!AI$19:AI$89,ETANCHEITE!AH$19:AH$89,"")<>"",_xlfn.XLOOKUP(S7,ETANCHEITE!AI$19:AI$89,ETANCHEITE!AH$19:AH$89,""), INDEX(ETANCHEITE!AH:AH,MAX(_xlfn._xlws.FILTER(ROW(ETANCHEITE!AH$19:INDIRECT("'PEINTURE'!P" & V7-1)),ETANCHEITE!AH$19:INDIRECT("'PEINTURE'!P" & V7-1)<>"")))),"")} | AB7: 5 | AC7: =IF(AG7<>" ",ETANCHEITE!$D$5,"") | AD7: =IF(AG7<>" ",ETANCHEITE!$D$8,"") | AE7: =IFERROR(MATCH(AB7,ETANCHEITE!AR$19:AR$164,0)+18,"") | AF7: {=IFERROR(IF(_xlfn.XLOOKUP(AB7,ETANCHEITE!AR$19:AR$164,ETANCHEITE!$A$19:$A$164,"")<>"",_xlfn.XLOOKUP(AB7,ETANCHEITE!AR$19:AR$164,ETANCHEITE!$A$19:$A$164,""), INDEX(ETANCHEITE!$A:$A,MAX(_xlfn._xlws.FILTER(ROW(ETANCHEITE!$A$19:INDIRECT("'MENUISERIES EXTERIEURES'!$A" & AE7-1)),ETANCHEITE!$A$19:INDIRECT("'MENUISERIES EXTERIEURES'!$A" & AE7-1)<>"")))),"")&" "&IFERROR(_xlfn.XLOOKUP(AB7,ETANCHEITE!AR$19:AR$164,ETANCHEITE!$B$19:$B$164),"")&IFERROR(_xlfn.XLOOKUP(AB7,ETANCHEITE!AR$19:AR$164,ETANCHEITE!$C$19:$C$164),"")&IFERROR(_xlfn.XLOOKUP(AB7,ETANCHEITE!AR$19:AR$164,ETANCHEITE!$D$19:$D$164),"")&IFERROR(_xlfn.XLOOKUP(AB7,ETANCHEITE!AR$19:AR$164,ETANCHEITE!$E$19:$E$164),"")&IFERROR(_xlfn.XLOOKUP(AB7,ETANCHEITE!AR$19:AR$164,ETANCHEITE!$F$19:$F$164),"")} | AG7: =IFERROR(VLOOKUP(AB7,ETANCHEITE!AR$19:AT$164,2,FALSE),"")&" "&IFERROR(VLOOKUP(AB7,ETANCHEITE!AR$19:AT$164,3,FALSE),"") | AH7: =IF(AG7<>" ",'Feuille de Donnée'!$C$3,"") | AI7: {=IFERROR(IF(_xlfn.XLOOKUP(AB7,ETANCHEITE!AR$19:AR$89,ETANCHEITE!AP$19:AP$89,"")<>"",_xlfn.XLOOKUP(AB7,ETANCHEITE!AR$19:AR$89,ETANCHEITE!AP$19:AP$89,""), INDEX(ETANCHEITE!AP:AP,MAX(_xlfn._xlws.FILTER(ROW(ETANCHEITE!AP$19:INDIRECT("'PEINTURE'!O" & AE7-1)),ETANCHEITE!AP$19:INDIRECT("'PEINTURE'!O" & AE7-1)<>"")))),"")} | AJ7: {=IFERROR(IF(_xlfn.XLOOKUP(AB7,ETANCHEITE!AR$19:AR$89,ETANCHEITE!AQ$19:AQ$89,"")<>"",_xlfn.XLOOKUP(AB7,ETANCHEITE!AR$19:AR$89,ETANCHEITE!AQ$19:AQ$89,""), INDEX(ETANCHEITE!AQ:AQ,MAX(_xlfn._xlws.FILTER(ROW(ETANCHEITE!AQ$19:INDIRECT("'PEINTURE'!P" & AE7-1)),ETANCHEITE!AQ$19:INDIRECT("'PEINTURE'!P" & AE7-1)<>"")))),"")} | AK7: 5 | AL7: =IF(AP7<>" ",ETANCHEITE!$D$5,"") | AM7: =IF(AP7<>" ",ETANCHEITE!$D$8,"") | AN7: =IFERROR(MATCH(AK7,ETANCHEITE!BA$19:BA$164,0)+18,"") | AO7: {=IFERROR(IF(_xlfn.XLOOKUP(AK7,ETANCHEITE!BA$19:BA$164,ETANCHEITE!$A$19:$A$164,"")<>"",_xlfn.XLOOKUP(AK7,ETANCHEITE!BA$19:BA$164,ETANCHEITE!$A$19:$A$164,""), INDEX(ETANCHEITE!$A:$A,MAX(_xlfn._xlws.FILTER(ROW(ETANCHEITE!$A$19:INDIRECT("'MENUISERIES EXTERIEURES'!$A" & AN7-1)),ETANCHEITE!$A$19:INDIRECT("'MENUISERIES EXTERIEURES'!$A" & AN7-1)<>"")))),"")&" "&IFERROR(_xlfn.XLOOKUP(AK7,ETANCHEITE!BA$19:BA$164,ETANCHEITE!$B$19:$B$164),"")&IFERROR(_xlfn.XLOOKUP(AK7,ETANCHEITE!BA$19:BA$164,ETANCHEITE!$C$19:$C$164),"")&IFERROR(_xlfn.XLOOKUP(AK7,ETANCHEITE!BA$19:BA$164,ETANCHEITE!$D$19:$D$164),"")&IFERROR(_xlfn.XLOOKUP(AK7,ETANCHEITE!BA$19:BA$164,ETANCHEITE!$E$19:$E$164),"")&IFERROR(_xlfn.XLOOKUP(AK7,ETANCHEITE!BA$19:BA$164,ETANCHEITE!$F$19:$F$164),"")} | AP7: =IFERROR(VLOOKUP(AK7,ETANCHEITE!BA$19:BC$164,2,FALSE),"")&" "&IFERROR(VLOOKUP(AK7,ETANCHEITE!BA$19:BC$164,3,FALSE),"") | AQ7: =IF(AP7<>" ",'Feuille de Donnée'!$C$3,"") | AR7: {=IFERROR(IF(_xlfn.XLOOKUP(AK7,ETANCHEITE!BA$19:BA$89,ETANCHEITE!AY$19:AY$89,"")<>"",_xlfn.XLOOKUP(AK7,ETANCHEITE!BA$19:BA$89,ETANCHEITE!AY$19:AY$89,""), INDEX(ETANCHEITE!AY:AY,MAX(_xlfn._xlws.FILTER(ROW(ETANCHEITE!AY$19:INDIRECT("'PEINTURE'!O" & AN7-1)),ETANCHEITE!AY$19:INDIRECT("'PEINTURE'!O" & AN7-1)<>"")))),"")} | AS7: {=IFERROR(IF(_xlfn.XLOOKUP(AK7,ETANCHEITE!BA$19:BA$89,ETANCHEITE!AZ$19:AZ$89,"")<>"",_xlfn.XLOOKUP(AK7,ETANCHEITE!BA$19:BA$89,ETANCHEITE!AZ$19:AZ$89,""), INDEX(ETANCHEITE!AZ:AZ,MAX(_xlfn._xlws.FILTER(ROW(ETANCHEITE!AZ$19:INDIRECT("'PEINTURE'!P" & AN7-1)),ETANCHEITE!AZ$19:INDIRECT("'PEINTURE'!P" & AN7-1)<>"")))),"")} | AT7: 5 | AU7: =IF(AY7<>" ",ETANCHEITE!$D$5,"") | AV7: =IF(AY7<>" ",ETANCHEITE!$D$8,"") | AW7: =IFERROR(MATCH(AT7,ETANCHEITE!BJ$19:BJ$164,0)+18,"") | AX7: {=IFERROR(IF(_xlfn.XLOOKUP(AT7,ETANCHEITE!BJ$19:BJ$164,ETANCHEITE!$A$19:$A$164,"")<>"",_xlfn.XLOOKUP(AT7,ETANCHEITE!BJ$19:BJ$164,ETANCHEITE!$A$19:$A$164,""), INDEX(ETANCHEITE!$A:$A,MAX(_xlfn._xlws.FILTER(ROW(ETANCHEITE!$A$19:INDIRECT("'MENUISERIES EXTERIEURES'!$A" & AW7-1)),ETANCHEITE!$A$19:INDIRECT("'MENUISERIES EXTERIEURES'!$A" & AW7-1)<>"")))),"")&" "&IFERROR(_xlfn.XLOOKUP(AT7,ETANCHEITE!BJ$19:BJ$164,ETANCHEITE!$B$19:$B$164),"")&IFERROR(_xlfn.XLOOKUP(AT7,ETANCHEITE!BJ$19:BJ$164,ETANCHEITE!$C$19:$C$164),"")&IFERROR(_xlfn.XLOOKUP(AT7,ETANCHEITE!BJ$19:BJ$164,ETANCHEITE!$D$19:$D$164),"")&IFERROR(_xlfn.XLOOKUP(AT7,ETANCHEITE!BJ$19:BJ$164,ETANCHEITE!$E$19:$E$164),"")&IFERROR(_xlfn.XLOOKUP(AT7,ETANCHEITE!BJ$19:BJ$164,ETANCHEITE!$F$19:$F$164),"")} | AY7: =IFERROR(VLOOKUP(AT7,ETANCHEITE!BJ$19:BL$164,2,FALSE),"")&" "&IFERROR(VLOOKUP(AT7,ETANCHEITE!BJ$19:BL$164,3,FALSE),"") | AZ7: =IF(AY7<>" ",'Feuille de Donnée'!$C$3,"") | BA7: {=IFERROR(IF(_xlfn.XLOOKUP(AT7,ETANCHEITE!BJ$19:BJ$89,ETANCHEITE!BH$19:BH$89,"")<>"",_xlfn.XLOOKUP(AT7,ETANCHEITE!BJ$19:BJ$89,ETANCHEITE!BH$19:BH$89,""), INDEX(ETANCHEITE!BH:BH,MAX(_xlfn._xlws.FILTER(ROW(ETANCHEITE!BH$19:INDIRECT("'PEINTURE'!O" & AW7-1)),ETANCHEITE!BH$19:INDIRECT("'PEINTURE'!O" & AW7-1)<>"")))),"")} | BB7: {=IFERROR(IF(_xlfn.XLOOKUP(AT7,ETANCHEITE!BJ$19:BJ$89,ETANCHEITE!BI$19:BI$89,"")<>"",_xlfn.XLOOKUP(AT7,ETANCHEITE!BJ$19:BJ$89,ETANCHEITE!BI$19:BI$89,""), INDEX(ETANCHEITE!BI:BI,MAX(_xlfn._xlws.FILTER(ROW(ETANCHEITE!BI$19:INDIRECT("'PEINTURE'!P" & AW7-1)),ETANCHEITE!BI$19:INDIRECT("'PEINTURE'!P" & AW7-1)<>"")))),"")}
A8: 6 | B8: =IF(F8<>" ",ETANCHEITE!$D$5,"") | C8: =IF(F8<>" ",ETANCHEITE!$D$8,"") | D8: =IFERROR(MATCH(A8,ETANCHEITE!Q$19:Q$164,0)+18,"") | E8: {=IFERROR(IF(_xlfn.XLOOKUP(A8,ETANCHEITE!Q$19:Q$164,ETANCHEITE!$A$19:$A$164,"")<>"",_xlfn.XLOOKUP(A8,ETANCHEITE!Q$19:Q$164,ETANCHEITE!$A$19:$A$164,""), INDEX(ETANCHEITE!$A:$A,MAX(_xlfn._xlws.FILTER(ROW(ETANCHEITE!$A$19:INDIRECT("'MENUISERIES EXTERIEURES'!$A" & D8-1)),ETANCHEITE!$A$19:INDIRECT("'MENUISERIES EXTERIEURES'!$A" & D8-1)<>"")))),"")&" "&IFERROR(_xlfn.XLOOKUP(A8,ETANCHEITE!Q$19:Q$164,ETANCHEITE!$B$19:$B$164),"")&IFERROR(_xlfn.XLOOKUP(A8,ETANCHEITE!Q$19:Q$164,ETANCHEITE!$C$19:$C$164),"")&IFERROR(_xlfn.XLOOKUP(A8,ETANCHEITE!Q$19:Q$164,ETANCHEITE!$D$19:$D$164),"")&IFERROR(_xlfn.XLOOKUP(A8,ETANCHEITE!Q$19:Q$164,ETANCHEITE!$E$19:$E$164),"")&IFERROR(_xlfn.XLOOKUP(A8,ETANCHEITE!Q$19:Q$164,ETANCHEITE!$F$19:$F$164),"")} | F8: =IFERROR(VLOOKUP(A8,ETANCHEITE!Q$19:S$164,2,FALSE),"")&" "&IFERROR(VLOOKUP(A8,ETANCHEITE!Q$19:S$164,3,FALSE),"") | G8: =IF(F8<>" ",'Feuille de Donnée'!$C$3,"") | H8: {=IFERROR(IF(_xlfn.XLOOKUP(A8,ETANCHEITE!Q$19:Q$89,ETANCHEITE!O$19:O$89,"")<>"",_xlfn.XLOOKUP(A8,ETANCHEITE!Q$19:Q$89,ETANCHEITE!O$19:O$89,""), INDEX(ETANCHEITE!O:O,MAX(_xlfn._xlws.FILTER(ROW(ETANCHEITE!O$19:INDIRECT("'PEINTURE'!O" & D8-1)),ETANCHEITE!O$19:INDIRECT("'PEINTURE'!O" & D8-1)<>"")))),"")} | I8: {=IFERROR(IF(_xlfn.XLOOKUP(A8,ETANCHEITE!Q$19:Q$89,ETANCHEITE!P$19:P$89,"")<>"",_xlfn.XLOOKUP(A8,ETANCHEITE!Q$19:Q$89,ETANCHEITE!P$19:P$89,""), INDEX(ETANCHEITE!P:P,MAX(_xlfn._xlws.FILTER(ROW(ETANCHEITE!P$19:INDIRECT("'PEINTURE'!P" & D8-1)),ETANCHEITE!P$19:INDIRECT("'PEINTURE'!P" & D8-1)<>"")))),"")} | J8: 6 | K8: =IF(O8<>" ",ETANCHEITE!$D$5,"") | L8: =IF(O8<>" ",ETANCHEITE!$D$8,"") | M8: =IFERROR(MATCH(J8,ETANCHEITE!Z$19:Z$164,0)+18,"") | N8: {=IFERROR(IF(_xlfn.XLOOKUP(J8,ETANCHEITE!Z$19:Z$164,ETANCHEITE!$A$19:$A$164,"")<>"",_xlfn.XLOOKUP(J8,ETANCHEITE!Z$19:Z$164,ETANCHEITE!$A$19:$A$164,""), INDEX(ETANCHEITE!$A:$A,MAX(_xlfn._xlws.FILTER(ROW(ETANCHEITE!$A$19:INDIRECT("'MENUISERIES EXTERIEURES'!$A" & M8-1)),ETANCHEITE!$A$19:INDIRECT("'MENUISERIES EXTERIEURES'!$A" & M8-1)<>"")))),"")&" "&IFERROR(_xlfn.XLOOKUP(J8,ETANCHEITE!Z$19:Z$164,ETANCHEITE!$B$19:$B$164),"")&IFERROR(_xlfn.XLOOKUP(J8,ETANCHEITE!Z$19:Z$164,ETANCHEITE!$C$19:$C$164),"")&IFERROR(_xlfn.XLOOKUP(J8,ETANCHEITE!Z$19:Z$164,ETANCHEITE!$D$19:$D$164),"")&IFERROR(_xlfn.XLOOKUP(J8,ETANCHEITE!Z$19:Z$164,ETANCHEITE!$E$19:$E$164),"")&IFERROR(_xlfn.XLOOKUP(J8,ETANCHEITE!Z$19:Z$164,ETANCHEITE!$F$19:$F$164),"")} | O8: =IFERROR(VLOOKUP(J8,ETANCHEITE!Z$19:AB$164,2,FALSE),"")&" "&IFERROR(VLOOKUP(J8,ETANCHEITE!Z$19:AB$164,3,FALSE),"") | P8: =IF(O8<>" ",'Feuille de Donnée'!$C$3,"") | Q8: {=IFERROR(IF(_xlfn.XLOOKUP(J8,ETANCHEITE!Z$19:Z$89,ETANCHEITE!X$19:X$89,"")<>"",_xlfn.XLOOKUP(J8,ETANCHEITE!Z$19:Z$89,ETANCHEITE!X$19:X$89,""), INDEX(ETANCHEITE!X:X,MAX(_xlfn._xlws.FILTER(ROW(ETANCHEITE!X$19:INDIRECT("'PEINTURE'!O" & M8-1)),ETANCHEITE!X$19:INDIRECT("'PEINTURE'!O" & M8-1)<>"")))),"")} | R8: {=IFERROR(IF(_xlfn.XLOOKUP(J8,ETANCHEITE!Z$19:Z$89,ETANCHEITE!Y$19:Y$89,"")<>"",_xlfn.XLOOKUP(J8,ETANCHEITE!Z$19:Z$89,ETANCHEITE!Y$19:Y$89,""), INDEX(ETANCHEITE!Y:Y,MAX(_xlfn._xlws.FILTER(ROW(ETANCHEITE!Y$19:INDIRECT("'PEINTURE'!P" & M8-1)),ETANCHEITE!Y$19:INDIRECT("'PEINTURE'!P" & M8-1)<>"")))),"")} | S8: 6 | T8: =IF(X8<>" ",ETANCHEITE!$D$5,"") | U8: =IF(X8<>" ",ETANCHEITE!$D$8,"") | V8: =IFERROR(MATCH(S8,ETANCHEITE!AI$19:AI$164,0)+18,"") | W8: {=IFERROR(IF(_xlfn.XLOOKUP(S8,ETANCHEITE!AI$19:AI$164,ETANCHEITE!$A$19:$A$164,"")<>"",_xlfn.XLOOKUP(S8,ETANCHEITE!AI$19:AI$164,ETANCHEITE!$A$19:$A$164,""), INDEX(ETANCHEITE!$A:$A,MAX(_xlfn._xlws.FILTER(ROW(ETANCHEITE!$A$19:INDIRECT("'MENUISERIES EXTERIEURES'!$A" & V8-1)),ETANCHEITE!$A$19:INDIRECT("'MENUISERIES EXTERIEURES'!$A" & V8-1)<>"")))),"")&" "&IFERROR(_xlfn.XLOOKUP(S8,ETANCHEITE!AI$19:AI$164,ETANCHEITE!$B$19:$B$164),"")&IFERROR(_xlfn.XLOOKUP(S8,ETANCHEITE!AI$19:AI$164,ETANCHEITE!$C$19:$C$164),"")&IFERROR(_xlfn.XLOOKUP(S8,ETANCHEITE!AI$19:AI$164,ETANCHEITE!$D$19:$D$164),"")&IFERROR(_xlfn.XLOOKUP(S8,ETANCHEITE!AI$19:AI$164,ETANCHEITE!$E$19:$E$164),"")&IFERROR(_xlfn.XLOOKUP(S8,ETANCHEITE!AI$19:AI$164,ETANCHEITE!$F$19:$F$164),"")} | X8: =IFERROR(VLOOKUP(S8,ETANCHEITE!AI$19:AK$164,2,FALSE),"")&" "&IFERROR(VLOOKUP(S8,ETANCHEITE!AI$19:AK$164,3,FALSE),"") | Y8: =IF(X8<>" ",'Feuille de Donnée'!$C$3,"") | Z8: {=IFERROR(IF(_xlfn.XLOOKUP(S8,ETANCHEITE!AI$19:AI$89,ETANCHEITE!AG$19:AG$89,"")<>"",_xlfn.XLOOKUP(S8,ETANCHEITE!AI$19:AI$89,ETANCHEITE!AG$19:AG$89,""), INDEX(ETANCHEITE!AG:AG,MAX(_xlfn._xlws.FILTER(ROW(ETANCHEITE!AG$19:INDIRECT("'PEINTURE'!O" & V8-1)),ETANCHEITE!AG$19:INDIRECT("'PEINTURE'!O" & V8-1)<>"")))),"")} | AA8: {=IFERROR(IF(_xlfn.XLOOKUP(S8,ETANCHEITE!AI$19:AI$89,ETANCHEITE!AH$19:AH$89,"")<>"",_xlfn.XLOOKUP(S8,ETANCHEITE!AI$19:AI$89,ETANCHEITE!AH$19:AH$89,""), INDEX(ETANCHEITE!AH:AH,MAX(_xlfn._xlws.FILTER(ROW(ETANCHEITE!AH$19:INDIRECT("'PEINTURE'!P" & V8-1)),ETANCHEITE!AH$19:INDIRECT("'PEINTURE'!P" & V8-1)<>"")))),"")} | AB8: 6 | AC8: =IF(AG8<>" ",ETANCHEITE!$D$5,"") | AD8: =IF(AG8<>" ",ETANCHEITE!$D$8,"") | AE8: =IFERROR(MATCH(AB8,ETANCHEITE!AR$19:AR$164,0)+18,"") | AF8: {=IFERROR(IF(_xlfn.XLOOKUP(AB8,ETANCHEITE!AR$19:AR$164,ETANCHEITE!$A$19:$A$164,"")<>"",_xlfn.XLOOKUP(AB8,ETANCHEITE!AR$19:AR$164,ETANCHEITE!$A$19:$A$164,""), INDEX(ETANCHEITE!$A:$A,MAX(_xlfn._xlws.FILTER(ROW(ETANCHEITE!$A$19:INDIRECT("'MENUISERIES EXTERIEURES'!$A" & AE8-1)),ETANCHEITE!$A$19:INDIRECT("'MENUISERIES EXTERIEURES'!$A" & AE8-1)<>"")))),"")&" "&IFERROR(_xlfn.XLOOKUP(AB8,ETANCHEITE!AR$19:AR$164,ETANCHEITE!$B$19:$B$164),"")&IFERROR(_xlfn.XLOOKUP(AB8,ETANCHEITE!AR$19:AR$164,ETANCHEITE!$C$19:$C$164),"")&IFERROR(_xlfn.XLOOKUP(AB8,ETANCHEITE!AR$19:AR$164,ETANCHEITE!$D$19:$D$164),"")&IFERROR(_xlfn.XLOOKUP(AB8,ETANCHEITE!AR$19:AR$164,ETANCHEITE!$E$19:$E$164),"")&IFERROR(_xlfn.XLOOKUP(AB8,ETANCHEITE!AR$19:AR$164,ETANCHEITE!$F$19:$F$164),"")} | AG8: =IFERROR(VLOOKUP(AB8,ETANCHEITE!AR$19:AT$164,2,FALSE),"")&" "&IFERROR(VLOOKUP(AB8,ETANCHEITE!AR$19:AT$164,3,FALSE),"") | AH8: =IF(AG8<>" ",'Feuille de Donnée'!$C$3,"") | AI8: {=IFERROR(IF(_xlfn.XLOOKUP(AB8,ETANCHEITE!AR$19:AR$89,ETANCHEITE!AP$19:AP$89,"")<>"",_xlfn.XLOOKUP(AB8,ETANCHEITE!AR$19:AR$89,ETANCHEITE!AP$19:AP$89,""), INDEX(ETANCHEITE!AP:AP,MAX(_xlfn._xlws.FILTER(ROW(ETANCHEITE!AP$19:INDIRECT("'PEINTURE'!O" & AE8-1)),ETANCHEITE!AP$19:INDIRECT("'PEINTURE'!O" & AE8-1)<>"")))),"")} | AJ8: {=IFERROR(IF(_xlfn.XLOOKUP(AB8,ETANCHEITE!AR$19:AR$89,ETANCHEITE!AQ$19:AQ$89,"")<>"",_xlfn.XLOOKUP(AB8,ETANCHEITE!AR$19:AR$89,ETANCHEITE!AQ$19:AQ$89,""), INDEX(ETANCHEITE!AQ:AQ,MAX(_xlfn._xlws.FILTER(ROW(ETANCHEITE!AQ$19:INDIRECT("'PEINTURE'!P" & AE8-1)),ETANCHEITE!AQ$19:INDIRECT("'PEINTURE'!P" & AE8-1)<>"")))),"")} | AK8: 6 | AL8: =IF(AP8<>" ",ETANCHEITE!$D$5,"") | AM8: =IF(AP8<>" ",ETANCHEITE!$D$8,"") | AN8: =IFERROR(MATCH(AK8,ETANCHEITE!BA$19:BA$164,0)+18,"") | AO8: {=IFERROR(IF(_xlfn.XLOOKUP(AK8,ETANCHEITE!BA$19:BA$164,ETANCHEITE!$A$19:$A$164,"")<>"",_xlfn.XLOOKUP(AK8,ETANCHEITE!BA$19:BA$164,ETANCHEITE!$A$19:$A$164,""), INDEX(ETANCHEITE!$A:$A,MAX(_xlfn._xlws.FILTER(ROW(ETANCHEITE!$A$19:INDIRECT("'MENUISERIES EXTERIEURES'!$A" & AN8-1)),ETANCHEITE!$A$19:INDIRECT("'MENUISERIES EXTERIEURES'!$A" & AN8-1)<>"")))),"")&" "&IFERROR(_xlfn.XLOOKUP(AK8,ETANCHEITE!BA$19:BA$164,ETANCHEITE!$B$19:$B$164),"")&IFERROR(_xlfn.XLOOKUP(AK8,ETANCHEITE!BA$19:BA$164,ETANCHEITE!$C$19:$C$164),"")&IFERROR(_xlfn.XLOOKUP(AK8,ETANCHEITE!BA$19:BA$164,ETANCHEITE!$D$19:$D$164),"")&IFERROR(_xlfn.XLOOKUP(AK8,ETANCHEITE!BA$19:BA$164,ETANCHEITE!$E$19:$E$164),"")&IFERROR(_xlfn.XLOOKUP(AK8,ETANCHEITE!BA$19:BA$164,ETANCHEITE!$F$19:$F$164),"")} | AP8: =IFERROR(VLOOKUP(AK8,ETANCHEITE!BA$19:BC$164,2,FALSE),"")&" "&IFERROR(VLOOKUP(AK8,ETANCHEITE!BA$19:BC$164,3,FALSE),"") | AQ8: =IF(AP8<>" ",'Feuille de Donnée'!$C$3,"") | AR8: {=IFERROR(IF(_xlfn.XLOOKUP(AK8,ETANCHEITE!BA$19:BA$89,ETANCHEITE!AY$19:AY$89,"")<>"",_xlfn.XLOOKUP(AK8,ETANCHEITE!BA$19:BA$89,ETANCHEITE!AY$19:AY$89,""), INDEX(ETANCHEITE!AY:AY,MAX(_xlfn._xlws.FILTER(ROW(ETANCHEITE!AY$19:INDIRECT("'PEINTURE'!O" & AN8-1)),ETANCHEITE!AY$19:INDIRECT("'PEINTURE'!O" & AN8-1)<>"")))),"")} | AS8: {=IFERROR(IF(_xlfn.XLOOKUP(AK8,ETANCHEITE!BA$19:BA$89,ETANCHEITE!AZ$19:AZ$89,"")<>"",_xlfn.XLOOKUP(AK8,ETANCHEITE!BA$19:BA$89,ETANCHEITE!AZ$19:AZ$89,""), INDEX(ETANCHEITE!AZ:AZ,MAX(_xlfn._xlws.FILTER(ROW(ETANCHEITE!AZ$19:INDIRECT("'PEINTURE'!P" & AN8-1)),ETANCHEITE!AZ$19:INDIRECT("'PEINTURE'!P" & AN8-1)<>"")))),"")} | AT8: 6 | AU8: =IF(AY8<>" ",ETANCHEITE!$D$5,"") | AV8: =IF(AY8<>" ",ETANCHEITE!$D$8,"") | AW8: =IFERROR(MATCH(AT8,ETANCHEITE!BJ$19:BJ$164,0)+18,"") | AX8: {=IFERROR(IF(_xlfn.XLOOKUP(AT8,ETANCHEITE!BJ$19:BJ$164,ETANCHEITE!$A$19:$A$164,"")<>"",_xlfn.XLOOKUP(AT8,ETANCHEITE!BJ$19:BJ$164,ETANCHEITE!$A$19:$A$164,""), INDEX(ETANCHEITE!$A:$A,MAX(_xlfn._xlws.FILTER(ROW(ETANCHEITE!$A$19:INDIRECT("'MENUISERIES EXTERIEURES'!$A" & AW8-1)),ETANCHEITE!$A$19:INDIRECT("'MENUISERIES EXTERIEURES'!$A" & AW8-1)<>"")))),"")&" "&IFERROR(_xlfn.XLOOKUP(AT8,ETANCHEITE!BJ$19:BJ$164,ETANCHEITE!$B$19:$B$164),"")&IFERROR(_xlfn.XLOOKUP(AT8,ETANCHEITE!BJ$19:BJ$164,ETANCHEITE!$C$19:$C$164),"")&IFERROR(_xlfn.XLOOKUP(AT8,ETANCHEITE!BJ$19:BJ$164,ETANCHEITE!$D$19:$D$164),"")&IFERROR(_xlfn.XLOOKUP(AT8,ETANCHEITE!BJ$19:BJ$164,ETANCHEITE!$E$19:$E$164),"")&IFERROR(_xlfn.XLOOKUP(AT8,ETANCHEITE!BJ$19:BJ$164,ETANCHEITE!$F$19:$F$164),"")} | AY8: =IFERROR(VLOOKUP(AT8,ETANCHEITE!BJ$19:BL$164,2,FALSE),"")&" "&IFERROR(VLOOKUP(AT8,ETANCHEITE!BJ$19:BL$164,3,FALSE),"") | AZ8: =IF(AY8<>" ",'Feuille de Donnée'!$C$3,"") | BA8: {=IFERROR(IF(_xlfn.XLOOKUP(AT8,ETANCHEITE!BJ$19:BJ$89,ETANCHEITE!BH$19:BH$89,"")<>"",_xlfn.XLOOKUP(AT8,ETANCHEITE!BJ$19:BJ$89,ETANCHEITE!BH$19:BH$89,""), INDEX(ETANCHEITE!BH:BH,MAX(_xlfn._xlws.FILTER(ROW(ETANCHEITE!BH$19:INDIRECT("'PEINTURE'!O" & AW8-1)),ETANCHEITE!BH$19:INDIRECT("'PEINTURE'!O" & AW8-1)<>"")))),"")} | BB8: {=IFERROR(IF(_xlfn.XLOOKUP(AT8,ETANCHEITE!BJ$19:BJ$89,ETANCHEITE!BI$19:BI$89,"")<>"",_xlfn.XLOOKUP(AT8,ETANCHEITE!BJ$19:BJ$89,ETANCHEITE!BI$19:BI$89,""), INDEX(ETANCHEITE!BI:BI,MAX(_xlfn._xlws.FILTER(ROW(ETANCHEITE!BI$19:INDIRECT("'PEINTURE'!P" & AW8-1)),ETANCHEITE!BI$19:INDIRECT("'PEINTURE'!P" & AW8-1)<>"")))),"")}
A9: 7 | B9: =IF(F9<>" ",ETANCHEITE!$D$5,"") | C9: =IF(F9<>" ",ETANCHEITE!$D$8,"") | D9: =IFERROR(MATCH(A9,ETANCHEITE!Q$19:Q$164,0)+18,"") | E9: {=IFERROR(IF(_xlfn.XLOOKUP(A9,ETANCHEITE!Q$19:Q$164,ETANCHEITE!$A$19:$A$164,"")<>"",_xlfn.XLOOKUP(A9,ETANCHEITE!Q$19:Q$164,ETANCHEITE!$A$19:$A$164,""), INDEX(ETANCHEITE!$A:$A,MAX(_xlfn._xlws.FILTER(ROW(ETANCHEITE!$A$19:INDIRECT("'MENUISERIES EXTERIEURES'!$A" & D9-1)),ETANCHEITE!$A$19:INDIRECT("'MENUISERIES EXTERIEURES'!$A" & D9-1)<>"")))),"")&" "&IFERROR(_xlfn.XLOOKUP(A9,ETANCHEITE!Q$19:Q$164,ETANCHEITE!$B$19:$B$164),"")&IFERROR(_xlfn.XLOOKUP(A9,ETANCHEITE!Q$19:Q$164,ETANCHEITE!$C$19:$C$164),"")&IFERROR(_xlfn.XLOOKUP(A9,ETANCHEITE!Q$19:Q$164,ETANCHEITE!$D$19:$D$164),"")&IFERROR(_xlfn.XLOOKUP(A9,ETANCHEITE!Q$19:Q$164,ETANCHEITE!$E$19:$E$164),"")&IFERROR(_xlfn.XLOOKUP(A9,ETANCHEITE!Q$19:Q$164,ETANCHEITE!$F$19:$F$164),"")} | F9: =IFERROR(VLOOKUP(A9,ETANCHEITE!Q$19:S$164,2,FALSE),"")&" "&IFERROR(VLOOKUP(A9,ETANCHEITE!Q$19:S$164,3,FALSE),"") | G9: =IF(F9<>" ",'Feuille de Donnée'!$C$3,"") | H9: {=IFERROR(IF(_xlfn.XLOOKUP(A9,ETANCHEITE!Q$19:Q$89,ETANCHEITE!O$19:O$89,"")<>"",_xlfn.XLOOKUP(A9,ETANCHEITE!Q$19:Q$89,ETANCHEITE!O$19:O$89,""), INDEX(ETANCHEITE!O:O,MAX(_xlfn._xlws.FILTER(ROW(ETANCHEITE!O$19:INDIRECT("'PEINTURE'!O" & D9-1)),ETANCHEITE!O$19:INDIRECT("'PEINTURE'!O" & D9-1)<>"")))),"")} | I9: {=IFERROR(IF(_xlfn.XLOOKUP(A9,ETANCHEITE!Q$19:Q$89,ETANCHEITE!P$19:P$89,"")<>"",_xlfn.XLOOKUP(A9,ETANCHEITE!Q$19:Q$89,ETANCHEITE!P$19:P$89,""), INDEX(ETANCHEITE!P:P,MAX(_xlfn._xlws.FILTER(ROW(ETANCHEITE!P$19:INDIRECT("'PEINTURE'!P" & D9-1)),ETANCHEITE!P$19:INDIRECT("'PEINTURE'!P" & D9-1)<>"")))),"")} | J9: 7 | K9: =IF(O9<>" ",ETANCHEITE!$D$5,"") | L9: =IF(O9<>" ",ETANCHEITE!$D$8,"") | M9: =IFERROR(MATCH(J9,ETANCHEITE!Z$19:Z$164,0)+18,"") | N9: {=IFERROR(IF(_xlfn.XLOOKUP(J9,ETANCHEITE!Z$19:Z$164,ETANCHEITE!$A$19:$A$164,"")<>"",_xlfn.XLOOKUP(J9,ETANCHEITE!Z$19:Z$164,ETANCHEITE!$A$19:$A$164,""), INDEX(ETANCHEITE!$A:$A,MAX(_xlfn._xlws.FILTER(ROW(ETANCHEITE!$A$19:INDIRECT("'MENUISERIES EXTERIEURES'!$A" & M9-1)),ETANCHEITE!$A$19:INDIRECT("'MENUISERIES EXTERIEURES'!$A" & M9-1)<>"")))),"")&" "&IFERROR(_xlfn.XLOOKUP(J9,ETANCHEITE!Z$19:Z$164,ETANCHEITE!$B$19:$B$164),"")&IFERROR(_xlfn.XLOOKUP(J9,ETANCHEITE!Z$19:Z$164,ETANCHEITE!$C$19:$C$164),"")&IFERROR(_xlfn.XLOOKUP(J9,ETANCHEITE!Z$19:Z$164,ETANCHEITE!$D$19:$D$164),"")&IFERROR(_xlfn.XLOOKUP(J9,ETANCHEITE!Z$19:Z$164,ETANCHEITE!$E$19:$E$164),"")&IFERROR(_xlfn.XLOOKUP(J9,ETANCHEITE!Z$19:Z$164,ETANCHEITE!$F$19:$F$164),"")} | O9: =IFERROR(VLOOKUP(J9,ETANCHEITE!Z$19:AB$164,2,FALSE),"")&" "&IFERROR(VLOOKUP(J9,ETANCHEITE!Z$19:AB$164,3,FALSE),"") | P9: =IF(O9<>" ",'Feuille de Donnée'!$C$3,"") | Q9: {=IFERROR(IF(_xlfn.XLOOKUP(J9,ETANCHEITE!Z$19:Z$89,ETANCHEITE!X$19:X$89,"")<>"",_xlfn.XLOOKUP(J9,ETANCHEITE!Z$19:Z$89,ETANCHEITE!X$19:X$89,""), INDEX(ETANCHEITE!X:X,MAX(_xlfn._xlws.FILTER(ROW(ETANCHEITE!X$19:INDIRECT("'PEINTURE'!O" & M9-1)),ETANCHEITE!X$19:INDIRECT("'PEINTURE'!O" & M9-1)<>"")))),"")} | R9: {=IFERROR(IF(_xlfn.XLOOKUP(J9,ETANCHEITE!Z$19:Z$89,ETANCHEITE!Y$19:Y$89,"")<>"",_xlfn.XLOOKUP(J9,ETANCHEITE!Z$19:Z$89,ETANCHEITE!Y$19:Y$89,""), INDEX(ETANCHEITE!Y:Y,MAX(_xlfn._xlws.FILTER(ROW(ETANCHEITE!Y$19:INDIRECT("'PEINTURE'!P" & M9-1)),ETANCHEITE!Y$19:INDIRECT("'PEINTURE'!P" & M9-1)<>"")))),"")} | S9: 7 | T9: =IF(X9<>" ",ETANCHEITE!$D$5,"") | U9: =IF(X9<>" ",ETANCHEITE!$D$8,"") | V9: =IFERROR(MATCH(S9,ETANCHEITE!AI$19:AI$164,0)+18,"") | W9: {=IFERROR(IF(_xlfn.XLOOKUP(S9,ETANCHEITE!AI$19:AI$164,ETANCHEITE!$A$19:$A$164,"")<>"",_xlfn.XLOOKUP(S9,ETANCHEITE!AI$19:AI$164,ETANCHEITE!$A$19:$A$164,""), INDEX(ETANCHEITE!$A:$A,MAX(_xlfn._xlws.FILTER(ROW(ETANCHEITE!$A$19:INDIRECT("'MENUISERIES EXTERIEURES'!$A" & V9-1)),ETANCHEITE!$A$19:INDIRECT("'MENUISERIES EXTERIEURES'!$A" & V9-1)<>"")))),"")&" "&IFERROR(_xlfn.XLOOKUP(S9,ETANCHEITE!AI$19:AI$164,ETANCHEITE!$B$19:$B$164),"")&IFERROR(_xlfn.XLOOKUP(S9,ETANCHEITE!AI$19:AI$164,ETANCHEITE!$C$19:$C$164),"")&IFERROR(_xlfn.XLOOKUP(S9,ETANCHEITE!AI$19:AI$164,ETANCHEITE!$D$19:$D$164),"")&IFERROR(_xlfn.XLOOKUP(S9,ETANCHEITE!AI$19:AI$164,ETANCHEITE!$E$19:$E$164),"")&IFERROR(_xlfn.XLOOKUP(S9,ETANCHEITE!AI$19:AI$164,ETANCHEITE!$F$19:$F$164),"")} | X9: =IFERROR(VLOOKUP(S9,ETANCHEITE!AI$19:AK$164,2,FALSE),"")&" "&IFERROR(VLOOKUP(S9,ETANCHEITE!AI$19:AK$164,3,FALSE),"") | Y9: =IF(X9<>" ",'Feuille de Donnée'!$C$3,"") | Z9: {=IFERROR(IF(_xlfn.XLOOKUP(S9,ETANCHEITE!AI$19:AI$89,ETANCHEITE!AG$19:AG$89,"")<>"",_xlfn.XLOOKUP(S9,ETANCHEITE!AI$19:AI$89,ETANCHEITE!AG$19:AG$89,""), INDEX(ETANCHEITE!AG:AG,MAX(_xlfn._xlws.FILTER(ROW(ETANCHEITE!AG$19:INDIRECT("'PEINTURE'!O" & V9-1)),ETANCHEITE!AG$19:INDIRECT("'PEINTURE'!O" & V9-1)<>"")))),"")} | AA9: {=IFERROR(IF(_xlfn.XLOOKUP(S9,ETANCHEITE!AI$19:AI$89,ETANCHEITE!AH$19:AH$89,"")<>"",_xlfn.XLOOKUP(S9,ETANCHEITE!AI$19:AI$89,ETANCHEITE!AH$19:AH$89,""), INDEX(ETANCHEITE!AH:AH,MAX(_xlfn._xlws.FILTER(ROW(ETANCHEITE!AH$19:INDIRECT("'PEINTURE'!P" & V9-1)),ETANCHEITE!AH$19:INDIRECT("'PEINTURE'!P" & V9-1)<>"")))),"")} | AB9: 7 | AC9: =IF(AG9<>" ",ETANCHEITE!$D$5,"") | AD9: =IF(AG9<>" ",ETANCHEITE!$D$8,"") | AE9: =IFERROR(MATCH(AB9,ETANCHEITE!AR$19:AR$164,0)+18,"") | AF9: {=IFERROR(IF(_xlfn.XLOOKUP(AB9,ETANCHEITE!AR$19:AR$164,ETANCHEITE!$A$19:$A$164,"")<>"",_xlfn.XLOOKUP(AB9,ETANCHEITE!AR$19:AR$164,ETANCHEITE!$A$19:$A$164,""), INDEX(ETANCHEITE!$A:$A,MAX(_xlfn._xlws.FILTER(ROW(ETANCHEITE!$A$19:INDIRECT("'MENUISERIES EXTERIEURES'!$A" & AE9-1)),ETANCHEITE!$A$19:INDIRECT("'MENUISERIES EXTERIEURES'!$A" & AE9-1)<>"")))),"")&" "&IFERROR(_xlfn.XLOOKUP(AB9,ETANCHEITE!AR$19:AR$164,ETANCHEITE!$B$19:$B$164),"")&IFERROR(_xlfn.XLOOKUP(AB9,ETANCHEITE!AR$19:AR$164,ETANCHEITE!$C$19:$C$164),"")&IFERROR(_xlfn.XLOOKUP(AB9,ETANCHEITE!AR$19:AR$164,ETANCHEITE!$D$19:$D$164),"")&IFERROR(_xlfn.XLOOKUP(AB9,ETANCHEITE!AR$19:AR$164,ETANCHEITE!$E$19:$E$164),"")&IFERROR(_xlfn.XLOOKUP(AB9,ETANCHEITE!AR$19:AR$164,ETANCHEITE!$F$19:$F$164),"")} | AG9: =IFERROR(VLOOKUP(AB9,ETANCHEITE!AR$19:AT$164,2,FALSE),"")&" "&IFERROR(VLOOKUP(AB9,ETANCHEITE!AR$19:AT$164,3,FALSE),"") | AH9: =IF(AG9<>" ",'Feuille de Donnée'!$C$3,"") | AI9: {=IFERROR(IF(_xlfn.XLOOKUP(AB9,ETANCHEITE!AR$19:AR$89,ETANCHEITE!AP$19:AP$89,"")<>"",_xlfn.XLOOKUP(AB9,ETANCHEITE!AR$19:AR$89,ETANCHEITE!AP$19:AP$89,""), INDEX(ETANCHEITE!AP:AP,MAX(_xlfn._xlws.FILTER(ROW(ETANCHEITE!AP$19:INDIRECT("'PEINTURE'!O" & AE9-1)),ETANCHEITE!AP$19:INDIRECT("'PEINTURE'!O" & AE9-1)<>"")))),"")} | AJ9: {=IFERROR(IF(_xlfn.XLOOKUP(AB9,ETANCHEITE!AR$19:AR$89,ETANCHEITE!AQ$19:AQ$89,"")<>"",_xlfn.XLOOKUP(AB9,ETANCHEITE!AR$19:AR$89,ETANCHEITE!AQ$19:AQ$89,""), INDEX(ETANCHEITE!AQ:AQ,MAX(_xlfn._xlws.FILTER(ROW(ETANCHEITE!AQ$19:INDIRECT("'PEINTURE'!P" & AE9-1)),ETANCHEITE!AQ$19:INDIRECT("'PEINTURE'!P" & AE9-1)<>"")))),"")} | AK9: 7 | AL9: =IF(AP9<>" ",ETANCHEITE!$D$5,"") | AM9: =IF(AP9<>" ",ETANCHEITE!$D$8,"") | AN9: =IFERROR(MATCH(AK9,ETANCHEITE!BA$19:BA$164,0)+18,"") | AO9: {=IFERROR(IF(_xlfn.XLOOKUP(AK9,ETANCHEITE!BA$19:BA$164,ETANCHEITE!$A$19:$A$164,"")<>"",_xlfn.XLOOKUP(AK9,ETANCHEITE!BA$19:BA$164,ETANCHEITE!$A$19:$A$164,""), INDEX(ETANCHEITE!$A:$A,MAX(_xlfn._xlws.FILTER(ROW(ETANCHEITE!$A$19:INDIRECT("'MENUISERIES EXTERIEURES'!$A" & AN9-1)),ETANCHEITE!$A$19:INDIRECT("'MENUISERIES EXTERIEURES'!$A" & AN9-1)<>"")))),"")&" "&IFERROR(_xlfn.XLOOKUP(AK9,ETANCHEITE!BA$19:BA$164,ETANCHEITE!$B$19:$B$164),"")&IFERROR(_xlfn.XLOOKUP(AK9,ETANCHEITE!BA$19:BA$164,ETANCHEITE!$C$19:$C$164),"")&IFERROR(_xlfn.XLOOKUP(AK9,ETANCHEITE!BA$19:BA$164,ETANCHEITE!$D$19:$D$164),"")&IFERROR(_xlfn.XLOOKUP(AK9,ETANCHEITE!BA$19:BA$164,ETANCHEITE!$E$19:$E$164),"")&IFERROR(_xlfn.XLOOKUP(AK9,ETANCHEITE!BA$19:BA$164,ETANCHEITE!$F$19:$F$164),"")} | AP9: =IFERROR(VLOOKUP(AK9,ETANCHEITE!BA$19:BC$164,2,FALSE),"")&" "&IFERROR(VLOOKUP(AK9,ETANCHEITE!BA$19:BC$164,3,FALSE),"") | AQ9: =IF(AP9<>" ",'Feuille de Donnée'!$C$3,"") | AR9: {=IFERROR(IF(_xlfn.XLOOKUP(AK9,ETANCHEITE!BA$19:BA$89,ETANCHEITE!AY$19:AY$89,"")<>"",_xlfn.XLOOKUP(AK9,ETANCHEITE!BA$19:BA$89,ETANCHEITE!AY$19:AY$89,""), INDEX(ETANCHEITE!AY:AY,MAX(_xlfn._xlws.FILTER(ROW(ETANCHEITE!AY$19:INDIRECT("'PEINTURE'!O" & AN9-1)),ETANCHEITE!AY$19:INDIRECT("'PEINTURE'!O" & AN9-1)<>"")))),"")} | AS9: {=IFERROR(IF(_xlfn.XLOOKUP(AK9,ETANCHEITE!BA$19:BA$89,ETANCHEITE!AZ$19:AZ$89,"")<>"",_xlfn.XLOOKUP(AK9,ETANCHEITE!BA$19:BA$89,ETANCHEITE!AZ$19:AZ$89,""), INDEX(ETANCHEITE!AZ:AZ,MAX(_xlfn._xlws.FILTER(ROW(ETANCHEITE!AZ$19:INDIRECT("'PEINTURE'!P" & AN9-1)),ETANCHEITE!AZ$19:INDIRECT("'PEINTURE'!P" & AN9-1)<>"")))),"")} | AT9: 7 | AU9: =IF(AY9<>" ",ETANCHEITE!$D$5,"") | AV9: =IF(AY9<>" ",ETANCHEITE!$D$8,"") | AW9: =IFERROR(MATCH(AT9,ETANCHEITE!BJ$19:BJ$164,0)+18,"") | AX9: {=IFERROR(IF(_xlfn.XLOOKUP(AT9,ETANCHEITE!BJ$19:BJ$164,ETANCHEITE!$A$19:$A$164,"")<>"",_xlfn.XLOOKUP(AT9,ETANCHEITE!BJ$19:BJ$164,ETANCHEITE!$A$19:$A$164,""), INDEX(ETANCHEITE!$A:$A,MAX(_xlfn._xlws.FILTER(ROW(ETANCHEITE!$A$19:INDIRECT("'MENUISERIES EXTERIEURES'!$A" & AW9-1)),ETANCHEITE!$A$19:INDIRECT("'MENUISERIES EXTERIEURES'!$A" & AW9-1)<>"")))),"")&" "&IFERROR(_xlfn.XLOOKUP(AT9,ETANCHEITE!BJ$19:BJ$164,ETANCHEITE!$B$19:$B$164),"")&IFERROR(_xlfn.XLOOKUP(AT9,ETANCHEITE!BJ$19:BJ$164,ETANCHEITE!$C$19:$C$164),"")&IFERROR(_xlfn.XLOOKUP(AT9,ETANCHEITE!BJ$19:BJ$164,ETANCHEITE!$D$19:$D$164),"")&IFERROR(_xlfn.XLOOKUP(AT9,ETANCHEITE!BJ$19:BJ$164,ETANCHEITE!$E$19:$E$164),"")&IFERROR(_xlfn.XLOOKUP(AT9,ETANCHEITE!BJ$19:BJ$164,ETANCHEITE!$F$19:$F$164),"")} | AY9: =IFERROR(VLOOKUP(AT9,ETANCHEITE!BJ$19:BL$164,2,FALSE),"")&" "&IFERROR(VLOOKUP(AT9,ETANCHEITE!BJ$19:BL$164,3,FALSE),"") | AZ9: =IF(AY9<>" ",'Feuille de Donnée'!$C$3,"") | BA9: {=IFERROR(IF(_xlfn.XLOOKUP(AT9,ETANCHEITE!BJ$19:BJ$89,ETANCHEITE!BH$19:BH$89,"")<>"",_xlfn.XLOOKUP(AT9,ETANCHEITE!BJ$19:BJ$89,ETANCHEITE!BH$19:BH$89,""), INDEX(ETANCHEITE!BH:BH,MAX(_xlfn._xlws.FILTER(ROW(ETANCHEITE!BH$19:INDIRECT("'PEINTURE'!O" & AW9-1)),ETANCHEITE!BH$19:INDIRECT("'PEINTURE'!O" & AW9-1)<>"")))),"")} | BB9: {=IFERROR(IF(_xlfn.XLOOKUP(AT9,ETANCHEITE!BJ$19:BJ$89,ETANCHEITE!BI$19:BI$89,"")<>"",_xlfn.XLOOKUP(AT9,ETANCHEITE!BJ$19:BJ$89,ETANCHEITE!BI$19:BI$89,""), INDEX(ETANCHEITE!BI:BI,MAX(_xlfn._xlws.FILTER(ROW(ETANCHEITE!BI$19:INDIRECT("'PEINTURE'!P" & AW9-1)),ETANCHEITE!BI$19:INDIRECT("'PEINTURE'!P" & AW9-1)<>"")))),"")}
A10: 8 | B10: =IF(F10<>" ",ETANCHEITE!$D$5,"") | C10: =IF(F10<>" ",ETANCHEITE!$D$8,"") | D10: =IFERROR(MATCH(A10,ETANCHEITE!Q$19:Q$164,0)+18,"") | E10: {=IFERROR(IF(_xlfn.XLOOKUP(A10,ETANCHEITE!Q$19:Q$164,ETANCHEITE!$A$19:$A$164,"")<>"",_xlfn.XLOOKUP(A10,ETANCHEITE!Q$19:Q$164,ETANCHEITE!$A$19:$A$164,""), INDEX(ETANCHEITE!$A:$A,MAX(_xlfn._xlws.FILTER(ROW(ETANCHEITE!$A$19:INDIRECT("'MENUISERIES EXTERIEURES'!$A" & D10-1)),ETANCHEITE!$A$19:INDIRECT("'MENUISERIES EXTERIEURES'!$A" & D10-1)<>"")))),"")&" "&IFERROR(_xlfn.XLOOKUP(A10,ETANCHEITE!Q$19:Q$164,ETANCHEITE!$B$19:$B$164),"")&IFERROR(_xlfn.XLOOKUP(A10,ETANCHEITE!Q$19:Q$164,ETANCHEITE!$C$19:$C$164),"")&IFERROR(_xlfn.XLOOKUP(A10,ETANCHEITE!Q$19:Q$164,ETANCHEITE!$D$19:$D$164),"")&IFERROR(_xlfn.XLOOKUP(A10,ETANCHEITE!Q$19:Q$164,ETANCHEITE!$E$19:$E$164),"")&IFERROR(_xlfn.XLOOKUP(A10,ETANCHEITE!Q$19:Q$164,ETANCHEITE!$F$19:$F$164),"")} | F10: =IFERROR(VLOOKUP(A10,ETANCHEITE!Q$19:S$164,2,FALSE),"")&" "&IFERROR(VLOOKUP(A10,ETANCHEITE!Q$19:S$164,3,FALSE),"") | G10: =IF(F10<>" ",'Feuille de Donnée'!$C$3,"") | H10: {=IFERROR(IF(_xlfn.XLOOKUP(A10,ETANCHEITE!Q$19:Q$89,ETANCHEITE!O$19:O$89,"")<>"",_xlfn.XLOOKUP(A10,ETANCHEITE!Q$19:Q$89,ETANCHEITE!O$19:O$89,""), INDEX(ETANCHEITE!O:O,MAX(_xlfn._xlws.FILTER(ROW(ETANCHEITE!O$19:INDIRECT("'PEINTURE'!O" & D10-1)),ETANCHEITE!O$19:INDIRECT("'PEINTURE'!O" & D10-1)<>"")))),"")} | I10: {=IFERROR(IF(_xlfn.XLOOKUP(A10,ETANCHEITE!Q$19:Q$89,ETANCHEITE!P$19:P$89,"")<>"",_xlfn.XLOOKUP(A10,ETANCHEITE!Q$19:Q$89,ETANCHEITE!P$19:P$89,""), INDEX(ETANCHEITE!P:P,MAX(_xlfn._xlws.FILTER(ROW(ETANCHEITE!P$19:INDIRECT("'PEINTURE'!P" & D10-1)),ETANCHEITE!P$19:INDIRECT("'PEINTURE'!P" & D10-1)<>"")))),"")} | J10: 8 | K10: =IF(O10<>" ",ETANCHEITE!$D$5,"") | L10: =IF(O10<>" ",ETANCHEITE!$D$8,"") | M10: =IFERROR(MATCH(J10,ETANCHEITE!Z$19:Z$164,0)+18,"") | N10: {=IFERROR(IF(_xlfn.XLOOKUP(J10,ETANCHEITE!Z$19:Z$164,ETANCHEITE!$A$19:$A$164,"")<>"",_xlfn.XLOOKUP(J10,ETANCHEITE!Z$19:Z$164,ETANCHEITE!$A$19:$A$164,""), INDEX(ETANCHEITE!$A:$A,MAX(_xlfn._xlws.FILTER(ROW(ETANCHEITE!$A$19:INDIRECT("'MENUISERIES EXTERIEURES'!$A" & M10-1)),ETANCHEITE!$A$19:INDIRECT("'MENUISERIES EXTERIEURES'!$A" & M10-1)<>"")))),"")&" "&IFERROR(_xlfn.XLOOKUP(J10,ETANCHEITE!Z$19:Z$164,ETANCHEITE!$B$19:$B$164),"")&IFERROR(_xlfn.XLOOKUP(J10,ETANCHEITE!Z$19:Z$164,ETANCHEITE!$C$19:$C$164),"")&IFERROR(_xlfn.XLOOKUP(J10,ETANCHEITE!Z$19:Z$164,ETANCHEITE!$D$19:$D$164),"")&IFERROR(_xlfn.XLOOKUP(J10,ETANCHEITE!Z$19:Z$164,ETANCHEITE!$E$19:$E$164),"")&IFERROR(_xlfn.XLOOKUP(J10,ETANCHEITE!Z$19:Z$164,ETANCHEITE!$F$19:$F$164),"")} | O10: =IFERROR(VLOOKUP(J10,ETANCHEITE!Z$19:AB$164,2,FALSE),"")&" "&IFERROR(VLOOKUP(J10,ETANCHEITE!Z$19:AB$164,3,FALSE),"") | P10: =IF(O10<>" ",'Feuille de Donnée'!$C$3,"") | Q10: {=IFERROR(IF(_xlfn.XLOOKUP(J10,ETANCHEITE!Z$19:Z$89,ETANCHEITE!X$19:X$89,"")<>"",_xlfn.XLOOKUP(J10,ETANCHEITE!Z$19:Z$89,ETANCHEITE!X$19:X$89,""), INDEX(ETANCHEITE!X:X,MAX(_xlfn._xlws.FILTER(ROW(ETANCHEITE!X$19:INDIRECT("'PEINTURE'!O" & M10-1)),ETANCHEITE!X$19:INDIRECT("'PEINTURE'!O" & M10-1)<>"")))),"")} | R10: {=IFERROR(IF(_xlfn.XLOOKUP(J10,ETANCHEITE!Z$19:Z$89,ETANCHEITE!Y$19:Y$89,"")<>"",_xlfn.XLOOKUP(J10,ETANCHEITE!Z$19:Z$89,ETANCHEITE!Y$19:Y$89,""), INDEX(ETANCHEITE!Y:Y,MAX(_xlfn._xlws.FILTER(ROW(ETANCHEITE!Y$19:INDIRECT("'PEINTURE'!P" & M10-1)),ETANCHEITE!Y$19:INDIRECT("'PEINTURE'!P" & M10-1)<>"")))),"")} | S10: 8 | T10: =IF(X10<>" ",ETANCHEITE!$D$5,"") | U10: =IF(X10<>" ",ETANCHEITE!$D$8,"") | V10: =IFERROR(MATCH(S10,ETANCHEITE!AI$19:AI$164,0)+18,"") | W10: {=IFERROR(IF(_xlfn.XLOOKUP(S10,ETANCHEITE!AI$19:AI$164,ETANCHEITE!$A$19:$A$164,"")<>"",_xlfn.XLOOKUP(S10,ETANCHEITE!AI$19:AI$164,ETANCHEITE!$A$19:$A$164,""), INDEX(ETANCHEITE!$A:$A,MAX(_xlfn._xlws.FILTER(ROW(ETANCHEITE!$A$19:INDIRECT("'MENUISERIES EXTERIEURES'!$A" & V10-1)),ETANCHEITE!$A$19:INDIRECT("'MENUISERIES EXTERIEURES'!$A" & V10-1)<>"")))),"")&" "&IFERROR(_xlfn.XLOOKUP(S10,ETANCHEITE!AI$19:AI$164,ETANCHEITE!$B$19:$B$164),"")&IFERROR(_xlfn.XLOOKUP(S10,ETANCHEITE!AI$19:AI$164,ETANCHEITE!$C$19:$C$164),"")&IFERROR(_xlfn.XLOOKUP(S10,ETANCHEITE!AI$19:AI$164,ETANCHEITE!$D$19:$D$164),"")&IFERROR(_xlfn.XLOOKUP(S10,ETANCHEITE!AI$19:AI$164,ETANCHEITE!$E$19:$E$164),"")&IFERROR(_xlfn.XLOOKUP(S10,ETANCHEITE!AI$19:AI$164,ETANCHEITE!$F$19:$F$164),"")} | X10: =IFERROR(VLOOKUP(S10,ETANCHEITE!AI$19:AK$164,2,FALSE),"")&" "&IFERROR(VLOOKUP(S10,ETANCHEITE!AI$19:AK$164,3,FALSE),"") | Y10: =IF(X10<>" ",'Feuille de Donnée'!$C$3,"") | Z10: {=IFERROR(IF(_xlfn.XLOOKUP(S10,ETANCHEITE!AI$19:AI$89,ETANCHEITE!AG$19:AG$89,"")<>"",_xlfn.XLOOKUP(S10,ETANCHEITE!AI$19:AI$89,ETANCHEITE!AG$19:AG$89,""), INDEX(ETANCHEITE!AG:AG,MAX(_xlfn._xlws.FILTER(ROW(ETANCHEITE!AG$19:INDIRECT("'PEINTURE'!O" & V10-1)),ETANCHEITE!AG$19:INDIRECT("'PEINTURE'!O" & V10-1)<>"")))),"")} | AA10: {=IFERROR(IF(_xlfn.XLOOKUP(S10,ETANCHEITE!AI$19:AI$89,ETANCHEITE!AH$19:AH$89,"")<>"",_xlfn.XLOOKUP(S10,ETANCHEITE!AI$19:AI$89,ETANCHEITE!AH$19:AH$89,""), INDEX(ETANCHEITE!AH:AH,MAX(_xlfn._xlws.FILTER(ROW(ETANCHEITE!AH$19:INDIRECT("'PEINTURE'!P" & V10-1)),ETANCHEITE!AH$19:INDIRECT("'PEINTURE'!P" & V10-1)<>"")))),"")} | AB10: 8 | AC10: =IF(AG10<>" ",ETANCHEITE!$D$5,"") | AD10: =IF(AG10<>" ",ETANCHEITE!$D$8,"") | AE10: =IFERROR(MATCH(AB10,ETANCHEITE!AR$19:AR$164,0)+18,"") | AF10: {=IFERROR(IF(_xlfn.XLOOKUP(AB10,ETANCHEITE!AR$19:AR$164,ETANCHEITE!$A$19:$A$164,"")<>"",_xlfn.XLOOKUP(AB10,ETANCHEITE!AR$19:AR$164,ETANCHEITE!$A$19:$A$164,""), INDEX(ETANCHEITE!$A:$A,MAX(_xlfn._xlws.FILTER(ROW(ETANCHEITE!$A$19:INDIRECT("'MENUISERIES EXTERIEURES'!$A" & AE10-1)),ETANCHEITE!$A$19:INDIRECT("'MENUISERIES EXTERIEURES'!$A" & AE10-1)<>"")))),"")&" "&IFERROR(_xlfn.XLOOKUP(AB10,ETANCHEITE!AR$19:AR$164,ETANCHEITE!$B$19:$B$164),"")&IFERROR(_xlfn.XLOOKUP(AB10,ETANCHEITE!AR$19:AR$164,ETANCHEITE!$C$19:$C$164),"")&IFERROR(_xlfn.XLOOKUP(AB10,ETANCHEITE!AR$19:AR$164,ETANCHEITE!$D$19:$D$164),"")&IFERROR(_xlfn.XLOOKUP(AB10,ETANCHEITE!AR$19:AR$164,ETANCHEITE!$E$19:$E$164),"")&IFERROR(_xlfn.XLOOKUP(AB10,ETANCHEITE!AR$19:AR$164,ETANCHEITE!$F$19:$F$164),"")} | AG10: =IFERROR(VLOOKUP(AB10,ETANCHEITE!AR$19:AT$164,2,FALSE),"")&" "&IFERROR(VLOOKUP(AB10,ETANCHEITE!AR$19:AT$164,3,FALSE),"") | AH10: =IF(AG10<>" ",'Feuille de Donnée'!$C$3,"") | AI10: {=IFERROR(IF(_xlfn.XLOOKUP(AB10,ETANCHEITE!AR$19:AR$89,ETANCHEITE!AP$19:AP$89,"")<>"",_xlfn.XLOOKUP(AB10,ETANCHEITE!AR$19:AR$89,ETANCHEITE!AP$19:AP$89,""), INDEX(ETANCHEITE!AP:AP,MAX(_xlfn._xlws.FILTER(ROW(ETANCHEITE!AP$19:INDIRECT("'PEINTURE'!O" & AE10-1)),ETANCHEITE!AP$19:INDIRECT("'PEINTURE'!O" & AE10-1)<>"")))),"")} | AJ10: {=IFERROR(IF(_xlfn.XLOOKUP(AB10,ETANCHEITE!AR$19:AR$89,ETANCHEITE!AQ$19:AQ$89,"")<>"",_xlfn.XLOOKUP(AB10,ETANCHEITE!AR$19:AR$89,ETANCHEITE!AQ$19:AQ$89,""), INDEX(ETANCHEITE!AQ:AQ,MAX(_xlfn._xlws.FILTER(ROW(ETANCHEITE!AQ$19:INDIRECT("'PEINTURE'!P" & AE10-1)),ETANCHEITE!AQ$19:INDIRECT("'PEINTURE'!P" & AE10-1)<>"")))),"")} | AK10: 8 | AL10: =IF(AP10<>" ",ETANCHEITE!$D$5,"") | AM10: =IF(AP10<>" ",ETANCHEITE!$D$8,"") | AN10: =IFERROR(MATCH(AK10,ETANCHEITE!BA$19:BA$164,0)+18,"") | AO10: {=IFERROR(IF(_xlfn.XLOOKUP(AK10,ETANCHEITE!BA$19:BA$164,ETANCHEITE!$A$19:$A$164,"")<>"",_xlfn.XLOOKUP(AK10,ETANCHEITE!BA$19:BA$164,ETANCHEITE!$A$19:$A$164,""), INDEX(ETANCHEITE!$A:$A,MAX(_xlfn._xlws.FILTER(ROW(ETANCHEITE!$A$19:INDIRECT("'MENUISERIES EXTERIEURES'!$A" & AN10-1)),ETANCHEITE!$A$19:INDIRECT("'MENUISERIES EXTERIEURES'!$A" & AN10-1)<>"")))),"")&" "&IFERROR(_xlfn.XLOOKUP(AK10,ETANCHEITE!BA$19:BA$164,ETANCHEITE!$B$19:$B$164),"")&IFERROR(_xlfn.XLOOKUP(AK10,ETANCHEITE!BA$19:BA$164,ETANCHEITE!$C$19:$C$164),"")&IFERROR(_xlfn.XLOOKUP(AK10,ETANCHEITE!BA$19:BA$164,ETANCHEITE!$D$19:$D$164),"")&IFERROR(_xlfn.XLOOKUP(AK10,ETANCHEITE!BA$19:BA$164,ETANCHEITE!$E$19:$E$164),"")&IFERROR(_xlfn.XLOOKUP(AK10,ETANCHEITE!BA$19:BA$164,ETANCHEITE!$F$19:$F$164),"")} | AP10: =IFERROR(VLOOKUP(AK10,ETANCHEITE!BA$19:BC$164,2,FALSE),"")&" "&IFERROR(VLOOKUP(AK10,ETANCHEITE!BA$19:BC$164,3,FALSE),"") | AQ10: =IF(AP10<>" ",'Feuille de Donnée'!$C$3,"") | AR10: {=IFERROR(IF(_xlfn.XLOOKUP(AK10,ETANCHEITE!BA$19:BA$89,ETANCHEITE!AY$19:AY$89,"")<>"",_xlfn.XLOOKUP(AK10,ETANCHEITE!BA$19:BA$89,ETANCHEITE!AY$19:AY$89,""), INDEX(ETANCHEITE!AY:AY,MAX(_xlfn._xlws.FILTER(ROW(ETANCHEITE!AY$19:INDIRECT("'PEINTURE'!O" & AN10-1)),ETANCHEITE!AY$19:INDIRECT("'PEINTURE'!O" & AN10-1)<>"")))),"")} | AS10: {=IFERROR(IF(_xlfn.XLOOKUP(AK10,ETANCHEITE!BA$19:BA$89,ETANCHEITE!AZ$19:AZ$89,"")<>"",_xlfn.XLOOKUP(AK10,ETANCHEITE!BA$19:BA$89,ETANCHEITE!AZ$19:AZ$89,""), INDEX(ETANCHEITE!AZ:AZ,MAX(_xlfn._xlws.FILTER(ROW(ETANCHEITE!AZ$19:INDIRECT("'PEINTURE'!P" & AN10-1)),ETANCHEITE!AZ$19:INDIRECT("'PEINTURE'!P" & AN10-1)<>"")))),"")} | AT10: 8 | AU10: =IF(AY10<>" ",ETANCHEITE!$D$5,"") | AV10: =IF(AY10<>" ",ETANCHEITE!$D$8,"") | AW10: =IFERROR(MATCH(AT10,ETANCHEITE!BJ$19:BJ$164,0)+18,"") | AX10: {=IFERROR(IF(_xlfn.XLOOKUP(AT10,ETANCHEITE!BJ$19:BJ$164,ETANCHEITE!$A$19:$A$164,"")<>"",_xlfn.XLOOKUP(AT10,ETANCHEITE!BJ$19:BJ$164,ETANCHEITE!$A$19:$A$164,""), INDEX(ETANCHEITE!$A:$A,MAX(_xlfn._xlws.FILTER(ROW(ETANCHEITE!$A$19:INDIRECT("'MENUISERIES EXTERIEURES'!$A" & AW10-1)),ETANCHEITE!$A$19:INDIRECT("'MENUISERIES EXTERIEURES'!$A" & AW10-1)<>"")))),"")&" "&IFERROR(_xlfn.XLOOKUP(AT10,ETANCHEITE!BJ$19:BJ$164,ETANCHEITE!$B$19:$B$164),"")&IFERROR(_xlfn.XLOOKUP(AT10,ETANCHEITE!BJ$19:BJ$164,ETANCHEITE!$C$19:$C$164),"")&IFERROR(_xlfn.XLOOKUP(AT10,ETANCHEITE!BJ$19:BJ$164,ETANCHEITE!$D$19:$D$164),"")&IFERROR(_xlfn.XLOOKUP(AT10,ETANCHEITE!BJ$19:BJ$164,ETANCHEITE!$E$19:$E$164),"")&IFERROR(_xlfn.XLOOKUP(AT10,ETANCHEITE!BJ$19:BJ$164,ETANCHEITE!$F$19:$F$164),"")} | AY10: =IFERROR(VLOOKUP(AT10,ETANCHEITE!BJ$19:BL$164,2,FALSE),"")&" "&IFERROR(VLOOKUP(AT10,ETANCHEITE!BJ$19:BL$164,3,FALSE),"") | AZ10: =IF(AY10<>" ",'Feuille de Donnée'!$C$3,"") | BA10: {=IFERROR(IF(_xlfn.XLOOKUP(AT10,ETANCHEITE!BJ$19:BJ$89,ETANCHEITE!BH$19:BH$89,"")<>"",_xlfn.XLOOKUP(AT10,ETANCHEITE!BJ$19:BJ$89,ETANCHEITE!BH$19:BH$89,""), INDEX(ETANCHEITE!BH:BH,MAX(_xlfn._xlws.FILTER(ROW(ETANCHEITE!BH$19:INDIRECT("'PEINTURE'!O" & AW10-1)),ETANCHEITE!BH$19:INDIRECT("'PEINTURE'!O" & AW10-1)<>"")))),"")} | BB10: {=IFERROR(IF(_xlfn.XLOOKUP(AT10,ETANCHEITE!BJ$19:BJ$89,ETANCHEITE!BI$19:BI$89,"")<>"",_xlfn.XLOOKUP(AT10,ETANCHEITE!BJ$19:BJ$89,ETANCHEITE!BI$19:BI$89,""), INDEX(ETANCHEITE!BI:BI,MAX(_xlfn._xlws.FILTER(ROW(ETANCHEITE!BI$19:INDIRECT("'PEINTURE'!P" & AW10-1)),ETANCHEITE!BI$19:INDIRECT("'PEINTURE'!P" & AW10-1)<>"")))),"")}
A11: 9 | B11: =IF(F11<>" ",ETANCHEITE!$D$5,"") | C11: =IF(F11<>" ",ETANCHEITE!$D$8,"") | D11: =IFERROR(MATCH(A11,ETANCHEITE!Q$19:Q$164,0)+18,"") | E11: {=IFERROR(IF(_xlfn.XLOOKUP(A11,ETANCHEITE!Q$19:Q$164,ETANCHEITE!$A$19:$A$164,"")<>"",_xlfn.XLOOKUP(A11,ETANCHEITE!Q$19:Q$164,ETANCHEITE!$A$19:$A$164,""), INDEX(ETANCHEITE!$A:$A,MAX(_xlfn._xlws.FILTER(ROW(ETANCHEITE!$A$19:INDIRECT("'MENUISERIES EXTERIEURES'!$A" & D11-1)),ETANCHEITE!$A$19:INDIRECT("'MENUISERIES EXTERIEURES'!$A" & D11-1)<>"")))),"")&" "&IFERROR(_xlfn.XLOOKUP(A11,ETANCHEITE!Q$19:Q$164,ETANCHEITE!$B$19:$B$164),"")&IFERROR(_xlfn.XLOOKUP(A11,ETANCHEITE!Q$19:Q$164,ETANCHEITE!$C$19:$C$164),"")&IFERROR(_xlfn.XLOOKUP(A11,ETANCHEITE!Q$19:Q$164,ETANCHEITE!$D$19:$D$164),"")&IFERROR(_xlfn.XLOOKUP(A11,ETANCHEITE!Q$19:Q$164,ETANCHEITE!$E$19:$E$164),"")&IFERROR(_xlfn.XLOOKUP(A11,ETANCHEITE!Q$19:Q$164,ETANCHEITE!$F$19:$F$164),"")} | F11: =IFERROR(VLOOKUP(A11,ETANCHEITE!Q$19:S$164,2,FALSE),"")&" "&IFERROR(VLOOKUP(A11,ETANCHEITE!Q$19:S$164,3,FALSE),"") | G11: =IF(F11<>" ",'Feuille de Donnée'!$C$3,"") | H11: {=IFERROR(IF(_xlfn.XLOOKUP(A11,ETANCHEITE!Q$19:Q$89,ETANCHEITE!O$19:O$89,"")<>"",_xlfn.XLOOKUP(A11,ETANCHEITE!Q$19:Q$89,ETANCHEITE!O$19:O$89,""), INDEX(ETANCHEITE!O:O,MAX(_xlfn._xlws.FILTER(ROW(ETANCHEITE!O$19:INDIRECT("'PEINTURE'!O" & D11-1)),ETANCHEITE!O$19:INDIRECT("'PEINTURE'!O" & D11-1)<>"")))),"")} | I11: {=IFERROR(IF(_xlfn.XLOOKUP(A11,ETANCHEITE!Q$19:Q$89,ETANCHEITE!P$19:P$89,"")<>"",_xlfn.XLOOKUP(A11,ETANCHEITE!Q$19:Q$89,ETANCHEITE!P$19:P$89,""), INDEX(ETANCHEITE!P:P,MAX(_xlfn._xlws.FILTER(ROW(ETANCHEITE!P$19:INDIRECT("'PEINTURE'!P" & D11-1)),ETANCHEITE!P$19:INDIRECT("'PEINTURE'!P" & D11-1)<>"")))),"")} | J11: 9 | K11: =IF(O11<>" ",ETANCHEITE!$D$5,"") | L11: =IF(O11<>" ",ETANCHEITE!$D$8,"") | M11: =IFERROR(MATCH(J11,ETANCHEITE!Z$19:Z$164,0)+18,"") | N11: {=IFERROR(IF(_xlfn.XLOOKUP(J11,ETANCHEITE!Z$19:Z$164,ETANCHEITE!$A$19:$A$164,"")<>"",_xlfn.XLOOKUP(J11,ETANCHEITE!Z$19:Z$164,ETANCHEITE!$A$19:$A$164,""), INDEX(ETANCHEITE!$A:$A,MAX(_xlfn._xlws.FILTER(ROW(ETANCHEITE!$A$19:INDIRECT("'MENUISERIES EXTERIEURES'!$A" & M11-1)),ETANCHEITE!$A$19:INDIRECT("'MENUISERIES EXTERIEURES'!$A" & M11-1)<>"")))),"")&" "&IFERROR(_xlfn.XLOOKUP(J11,ETANCHEITE!Z$19:Z$164,ETANCHEITE!$B$19:$B$164),"")&IFERROR(_xlfn.XLOOKUP(J11,ETANCHEITE!Z$19:Z$164,ETANCHEITE!$C$19:$C$164),"")&IFERROR(_xlfn.XLOOKUP(J11,ETANCHEITE!Z$19:Z$164,ETANCHEITE!$D$19:$D$164),"")&IFERROR(_xlfn.XLOOKUP(J11,ETANCHEITE!Z$19:Z$164,ETANCHEITE!$E$19:$E$164),"")&IFERROR(_xlfn.XLOOKUP(J11,ETANCHEITE!Z$19:Z$164,ETANCHEITE!$F$19:$F$164),"")} | O11: =IFERROR(VLOOKUP(J11,ETANCHEITE!Z$19:AB$164,2,FALSE),"")&" "&IFERROR(VLOOKUP(J11,ETANCHEITE!Z$19:AB$164,3,FALSE),"") | P11: =IF(O11<>" ",'Feuille de Donnée'!$C$3,"") | Q11: {=IFERROR(IF(_xlfn.XLOOKUP(J11,ETANCHEITE!Z$19:Z$89,ETANCHEITE!X$19:X$89,"")<>"",_xlfn.XLOOKUP(J11,ETANCHEITE!Z$19:Z$89,ETANCHEITE!X$19:X$89,""), INDEX(ETANCHEITE!X:X,MAX(_xlfn._xlws.FILTER(ROW(ETANCHEITE!X$19:INDIRECT("'PEINTURE'!O" & M11-1)),ETANCHEITE!X$19:INDIRECT("'PEINTURE'!O" & M11-1)<>"")))),"")} | R11: {=IFERROR(IF(_xlfn.XLOOKUP(J11,ETANCHEITE!Z$19:Z$89,ETANCHEITE!Y$19:Y$89,"")<>"",_xlfn.XLOOKUP(J11,ETANCHEITE!Z$19:Z$89,ETANCHEITE!Y$19:Y$89,""), INDEX(ETANCHEITE!Y:Y,MAX(_xlfn._xlws.FILTER(ROW(ETANCHEITE!Y$19:INDIRECT("'PEINTURE'!P" & M11-1)),ETANCHEITE!Y$19:INDIRECT("'PEINTURE'!P" & M11-1)<>"")))),"")} | S11: 9 | T11: =IF(X11<>" ",ETANCHEITE!$D$5,"") | U11: =IF(X11<>" ",ETANCHEITE!$D$8,"") | V11: =IFERROR(MATCH(S11,ETANCHEITE!AI$19:AI$164,0)+18,"") | W11: {=IFERROR(IF(_xlfn.XLOOKUP(S11,ETANCHEITE!AI$19:AI$164,ETANCHEITE!$A$19:$A$164,"")<>"",_xlfn.XLOOKUP(S11,ETANCHEITE!AI$19:AI$164,ETANCHEITE!$A$19:$A$164,""), INDEX(ETANCHEITE!$A:$A,MAX(_xlfn._xlws.FILTER(ROW(ETANCHEITE!$A$19:INDIRECT("'MENUISERIES EXTERIEURES'!$A" & V11-1)),ETANCHEITE!$A$19:INDIRECT("'MENUISERIES EXTERIEURES'!$A" & V11-1)<>"")))),"")&" "&IFERROR(_xlfn.XLOOKUP(S11,ETANCHEITE!AI$19:AI$164,ETANCHEITE!$B$19:$B$164),"")&IFERROR(_xlfn.XLOOKUP(S11,ETANCHEITE!AI$19:AI$164,ETANCHEITE!$C$19:$C$164),"")&IFERROR(_xlfn.XLOOKUP(S11,ETANCHEITE!AI$19:AI$164,ETANCHEITE!$D$19:$D$164),"")&IFERROR(_xlfn.XLOOKUP(S11,ETANCHEITE!AI$19:AI$164,ETANCHEITE!$E$19:$E$164),"")&IFERROR(_xlfn.XLOOKUP(S11,ETANCHEITE!AI$19:AI$164,ETANCHEITE!$F$19:$F$164),"")} | X11: =IFERROR(VLOOKUP(S11,ETANCHEITE!AI$19:AK$164,2,FALSE),"")&" "&IFERROR(VLOOKUP(S11,ETANCHEITE!AI$19:AK$164,3,FALSE),"") | Y11: =IF(X11<>" ",'Feuille de Donnée'!$C$3,"") | Z11: {=IFERROR(IF(_xlfn.XLOOKUP(S11,ETANCHEITE!AI$19:AI$89,ETANCHEITE!AG$19:AG$89,"")<>"",_xlfn.XLOOKUP(S11,ETANCHEITE!AI$19:AI$89,ETANCHEITE!AG$19:AG$89,""), INDEX(ETANCHEITE!AG:AG,MAX(_xlfn._xlws.FILTER(ROW(ETANCHEITE!AG$19:INDIRECT("'PEINTURE'!O" & V11-1)),ETANCHEITE!AG$19:INDIRECT("'PEINTURE'!O" & V11-1)<>"")))),"")} | AA11: {=IFERROR(IF(_xlfn.XLOOKUP(S11,ETANCHEITE!AI$19:AI$89,ETANCHEITE!AH$19:AH$89,"")<>"",_xlfn.XLOOKUP(S11,ETANCHEITE!AI$19:AI$89,ETANCHEITE!AH$19:AH$89,""), INDEX(ETANCHEITE!AH:AH,MAX(_xlfn._xlws.FILTER(ROW(ETANCHEITE!AH$19:INDIRECT("'PEINTURE'!P" & V11-1)),ETANCHEITE!AH$19:INDIRECT("'PEINTURE'!P" & V11-1)<>"")))),"")} | AB11: 9 | AC11: =IF(AG11<>" ",ETANCHEITE!$D$5,"") | AD11: =IF(AG11<>" ",ETANCHEITE!$D$8,"") | AE11: =IFERROR(MATCH(AB11,ETANCHEITE!AR$19:AR$164,0)+18,"") | AF11: {=IFERROR(IF(_xlfn.XLOOKUP(AB11,ETANCHEITE!AR$19:AR$164,ETANCHEITE!$A$19:$A$164,"")<>"",_xlfn.XLOOKUP(AB11,ETANCHEITE!AR$19:AR$164,ETANCHEITE!$A$19:$A$164,""), INDEX(ETANCHEITE!$A:$A,MAX(_xlfn._xlws.FILTER(ROW(ETANCHEITE!$A$19:INDIRECT("'MENUISERIES EXTERIEURES'!$A" & AE11-1)),ETANCHEITE!$A$19:INDIRECT("'MENUISERIES EXTERIEURES'!$A" & AE11-1)<>"")))),"")&" "&IFERROR(_xlfn.XLOOKUP(AB11,ETANCHEITE!AR$19:AR$164,ETANCHEITE!$B$19:$B$164),"")&IFERROR(_xlfn.XLOOKUP(AB11,ETANCHEITE!AR$19:AR$164,ETANCHEITE!$C$19:$C$164),"")&IFERROR(_xlfn.XLOOKUP(AB11,ETANCHEITE!AR$19:AR$164,ETANCHEITE!$D$19:$D$164),"")&IFERROR(_xlfn.XLOOKUP(AB11,ETANCHEITE!AR$19:AR$164,ETANCHEITE!$E$19:$E$164),"")&IFERROR(_xlfn.XLOOKUP(AB11,ETANCHEITE!AR$19:AR$164,ETANCHEITE!$F$19:$F$164),"")} | AG11: =IFERROR(VLOOKUP(AB11,ETANCHEITE!AR$19:AT$164,2,FALSE),"")&" "&IFERROR(VLOOKUP(AB11,ETANCHEITE!AR$19:AT$164,3,FALSE),"") | AH11: =IF(AG11<>" ",'Feuille de Donnée'!$C$3,"") | AI11: {=IFERROR(IF(_xlfn.XLOOKUP(AB11,ETANCHEITE!AR$19:AR$89,ETANCHEITE!AP$19:AP$89,"")<>"",_xlfn.XLOOKUP(AB11,ETANCHEITE!AR$19:AR$89,ETANCHEITE!AP$19:AP$89,""), INDEX(ETANCHEITE!AP:AP,MAX(_xlfn._xlws.FILTER(ROW(ETANCHEITE!AP$19:INDIRECT("'PEINTURE'!O" & AE11-1)),ETANCHEITE!AP$19:INDIRECT("'PEINTURE'!O" & AE11-1)<>"")))),"")} | AJ11: {=IFERROR(IF(_xlfn.XLOOKUP(AB11,ETANCHEITE!AR$19:AR$89,ETANCHEITE!AQ$19:AQ$89,"")<>"",_xlfn.XLOOKUP(AB11,ETANCHEITE!AR$19:AR$89,ETANCHEITE!AQ$19:AQ$89,""), INDEX(ETANCHEITE!AQ:AQ,MAX(_xlfn._xlws.FILTER(ROW(ETANCHEITE!AQ$19:INDIRECT("'PEINTURE'!P" & AE11-1)),ETANCHEITE!AQ$19:INDIRECT("'PEINTURE'!P" & AE11-1)<>"")))),"")} | AK11: 9 | AL11: =IF(AP11<>" ",ETANCHEITE!$D$5,"") | AM11: =IF(AP11<>" ",ETANCHEITE!$D$8,"") | AN11: =IFERROR(MATCH(AK11,ETANCHEITE!BA$19:BA$164,0)+18,"") | AO11: {=IFERROR(IF(_xlfn.XLOOKUP(AK11,ETANCHEITE!BA$19:BA$164,ETANCHEITE!$A$19:$A$164,"")<>"",_xlfn.XLOOKUP(AK11,ETANCHEITE!BA$19:BA$164,ETANCHEITE!$A$19:$A$164,""), INDEX(ETANCHEITE!$A:$A,MAX(_xlfn._xlws.FILTER(ROW(ETANCHEITE!$A$19:INDIRECT("'MENUISERIES EXTERIEURES'!$A" & AN11-1)),ETANCHEITE!$A$19:INDIRECT("'MENUISERIES EXTERIEURES'!$A" & AN11-1)<>"")))),"")&" "&IFERROR(_xlfn.XLOOKUP(AK11,ETANCHEITE!BA$19:BA$164,ETANCHEITE!$B$19:$B$164),"")&IFERROR(_xlfn.XLOOKUP(AK11,ETANCHEITE!BA$19:BA$164,ETANCHEITE!$C$19:$C$164),"")&IFERROR(_xlfn.XLOOKUP(AK11,ETANCHEITE!BA$19:BA$164,ETANCHEITE!$D$19:$D$164),"")&IFERROR(_xlfn.XLOOKUP(AK11,ETANCHEITE!BA$19:BA$164,ETANCHEITE!$E$19:$E$164),"")&IFERROR(_xlfn.XLOOKUP(AK11,ETANCHEITE!BA$19:BA$164,ETANCHEITE!$F$19:$F$164),"")} | AP11: =IFERROR(VLOOKUP(AK11,ETANCHEITE!BA$19:BC$164,2,FALSE),"")&" "&IFERROR(VLOOKUP(AK11,ETANCHEITE!BA$19:BC$164,3,FALSE),"") | AQ11: =IF(AP11<>" ",'Feuille de Donnée'!$C$3,"") | AR11: {=IFERROR(IF(_xlfn.XLOOKUP(AK11,ETANCHEITE!BA$19:BA$89,ETANCHEITE!AY$19:AY$89,"")<>"",_xlfn.XLOOKUP(AK11,ETANCHEITE!BA$19:BA$89,ETANCHEITE!AY$19:AY$89,""), INDEX(ETANCHEITE!AY:AY,MAX(_xlfn._xlws.FILTER(ROW(ETANCHEITE!AY$19:INDIRECT("'PEINTURE'!O" & AN11-1)),ETANCHEITE!AY$19:INDIRECT("'PEINTURE'!O" & AN11-1)<>"")))),"")} | AS11: {=IFERROR(IF(_xlfn.XLOOKUP(AK11,ETANCHEITE!BA$19:BA$89,ETANCHEITE!AZ$19:AZ$89,"")<>"",_xlfn.XLOOKUP(AK11,ETANCHEITE!BA$19:BA$89,ETANCHEITE!AZ$19:AZ$89,""), INDEX(ETANCHEITE!AZ:AZ,MAX(_xlfn._xlws.FILTER(ROW(ETANCHEITE!AZ$19:INDIRECT("'PEINTURE'!P" & AN11-1)),ETANCHEITE!AZ$19:INDIRECT("'PEINTURE'!P" & AN11-1)<>"")))),"")} | AT11: 9 | AU11: =IF(AY11<>" ",ETANCHEITE!$D$5,"") | AV11: =IF(AY11<>" ",ETANCHEITE!$D$8,"") | AW11: =IFERROR(MATCH(AT11,ETANCHEITE!BJ$19:BJ$164,0)+18,"") | AX11: {=IFERROR(IF(_xlfn.XLOOKUP(AT11,ETANCHEITE!BJ$19:BJ$164,ETANCHEITE!$A$19:$A$164,"")<>"",_xlfn.XLOOKUP(AT11,ETANCHEITE!BJ$19:BJ$164,ETANCHEITE!$A$19:$A$164,""), INDEX(ETANCHEITE!$A:$A,MAX(_xlfn._xlws.FILTER(ROW(ETANCHEITE!$A$19:INDIRECT("'MENUISERIES EXTERIEURES'!$A" & AW11-1)),ETANCHEITE!$A$19:INDIRECT("'MENUISERIES EXTERIEURES'!$A" & AW11-1)<>"")))),"")&" "&IFERROR(_xlfn.XLOOKUP(AT11,ETANCHEITE!BJ$19:BJ$164,ETANCHEITE!$B$19:$B$164),"")&IFERROR(_xlfn.XLOOKUP(AT11,ETANCHEITE!BJ$19:BJ$164,ETANCHEITE!$C$19:$C$164),"")&IFERROR(_xlfn.XLOOKUP(AT11,ETANCHEITE!BJ$19:BJ$164,ETANCHEITE!$D$19:$D$164),"")&IFERROR(_xlfn.XLOOKUP(AT11,ETANCHEITE!BJ$19:BJ$164,ETANCHEITE!$E$19:$E$164),"")&IFERROR(_xlfn.XLOOKUP(AT11,ETANCHEITE!BJ$19:BJ$164,ETANCHEITE!$F$19:$F$164),"")} | AY11: =IFERROR(VLOOKUP(AT11,ETANCHEITE!BJ$19:BL$164,2,FALSE),"")&" "&IFERROR(VLOOKUP(AT11,ETANCHEITE!BJ$19:BL$164,3,FALSE),"") | AZ11: =IF(AY11<>" ",'Feuille de Donnée'!$C$3,"") | BA11: {=IFERROR(IF(_xlfn.XLOOKUP(AT11,ETANCHEITE!BJ$19:BJ$89,ETANCHEITE!BH$19:BH$89,"")<>"",_xlfn.XLOOKUP(AT11,ETANCHEITE!BJ$19:BJ$89,ETANCHEITE!BH$19:BH$89,""), INDEX(ETANCHEITE!BH:BH,MAX(_xlfn._xlws.FILTER(ROW(ETANCHEITE!BH$19:INDIRECT("'PEINTURE'!O" & AW11-1)),ETANCHEITE!BH$19:INDIRECT("'PEINTURE'!O" & AW11-1)<>"")))),"")} | BB11: {=IFERROR(IF(_xlfn.XLOOKUP(AT11,ETANCHEITE!BJ$19:BJ$89,ETANCHEITE!BI$19:BI$89,"")<>"",_xlfn.XLOOKUP(AT11,ETANCHEITE!BJ$19:BJ$89,ETANCHEITE!BI$19:BI$89,""), INDEX(ETANCHEITE!BI:BI,MAX(_xlfn._xlws.FILTER(ROW(ETANCHEITE!BI$19:INDIRECT("'PEINTURE'!P" & AW11-1)),ETANCHEITE!BI$19:INDIRECT("'PEINTURE'!P" & AW11-1)<>"")))),"")}
A12: 10 | B12: =IF(F12<>" ",ETANCHEITE!$D$5,"") | C12: =IF(F12<>" ",ETANCHEITE!$D$8,"") | D12: =IFERROR(MATCH(A12,ETANCHEITE!Q$19:Q$164,0)+18,"") | E12: {=IFERROR(IF(_xlfn.XLOOKUP(A12,ETANCHEITE!Q$19:Q$164,ETANCHEITE!$A$19:$A$164,"")<>"",_xlfn.XLOOKUP(A12,ETANCHEITE!Q$19:Q$164,ETANCHEITE!$A$19:$A$164,""), INDEX(ETANCHEITE!$A:$A,MAX(_xlfn._xlws.FILTER(ROW(ETANCHEITE!$A$19:INDIRECT("'MENUISERIES EXTERIEURES'!$A" & D12-1)),ETANCHEITE!$A$19:INDIRECT("'MENUISERIES EXTERIEURES'!$A" & D12-1)<>"")))),"")&" "&IFERROR(_xlfn.XLOOKUP(A12,ETANCHEITE!Q$19:Q$164,ETANCHEITE!$B$19:$B$164),"")&IFERROR(_xlfn.XLOOKUP(A12,ETANCHEITE!Q$19:Q$164,ETANCHEITE!$C$19:$C$164),"")&IFERROR(_xlfn.XLOOKUP(A12,ETANCHEITE!Q$19:Q$164,ETANCHEITE!$D$19:$D$164),"")&IFERROR(_xlfn.XLOOKUP(A12,ETANCHEITE!Q$19:Q$164,ETANCHEITE!$E$19:$E$164),"")&IFERROR(_xlfn.XLOOKUP(A12,ETANCHEITE!Q$19:Q$164,ETANCHEITE!$F$19:$F$164),"")} | F12: =IFERROR(VLOOKUP(A12,ETANCHEITE!Q$19:S$164,2,FALSE),"")&" "&IFERROR(VLOOKUP(A12,ETANCHEITE!Q$19:S$164,3,FALSE),"") | G12: =IF(F12<>" ",'Feuille de Donnée'!$C$3,"") | H12: {=IFERROR(IF(_xlfn.XLOOKUP(A12,ETANCHEITE!Q$19:Q$89,ETANCHEITE!O$19:O$89,"")<>"",_xlfn.XLOOKUP(A12,ETANCHEITE!Q$19:Q$89,ETANCHEITE!O$19:O$89,""), INDEX(ETANCHEITE!O:O,MAX(_xlfn._xlws.FILTER(ROW(ETANCHEITE!O$19:INDIRECT("'PEINTURE'!O" & D12-1)),ETANCHEITE!O$19:INDIRECT("'PEINTURE'!O" & D12-1)<>"")))),"")} | I12: {=IFERROR(IF(_xlfn.XLOOKUP(A12,ETANCHEITE!Q$19:Q$89,ETANCHEITE!P$19:P$89,"")<>"",_xlfn.XLOOKUP(A12,ETANCHEITE!Q$19:Q$89,ETANCHEITE!P$19:P$89,""), INDEX(ETANCHEITE!P:P,MAX(_xlfn._xlws.FILTER(ROW(ETANCHEITE!P$19:INDIRECT("'PEINTURE'!P" & D12-1)),ETANCHEITE!P$19:INDIRECT("'PEINTURE'!P" & D12-1)<>"")))),"")} | J12: 10 | K12: =IF(O12<>" ",ETANCHEITE!$D$5,"") | L12: =IF(O12<>" ",ETANCHEITE!$D$8,"") | M12: =IFERROR(MATCH(J12,ETANCHEITE!Z$19:Z$164,0)+18,"") | N12: {=IFERROR(IF(_xlfn.XLOOKUP(J12,ETANCHEITE!Z$19:Z$164,ETANCHEITE!$A$19:$A$164,"")<>"",_xlfn.XLOOKUP(J12,ETANCHEITE!Z$19:Z$164,ETANCHEITE!$A$19:$A$164,""), INDEX(ETANCHEITE!$A:$A,MAX(_xlfn._xlws.FILTER(ROW(ETANCHEITE!$A$19:INDIRECT("'MENUISERIES EXTERIEURES'!$A" & M12-1)),ETANCHEITE!$A$19:INDIRECT("'MENUISERIES EXTERIEURES'!$A" & M12-1)<>"")))),"")&" "&IFERROR(_xlfn.XLOOKUP(J12,ETANCHEITE!Z$19:Z$164,ETANCHEITE!$B$19:$B$164),"")&IFERROR(_xlfn.XLOOKUP(J12,ETANCHEITE!Z$19:Z$164,ETANCHEITE!$C$19:$C$164),"")&IFERROR(_xlfn.XLOOKUP(J12,ETANCHEITE!Z$19:Z$164,ETANCHEITE!$D$19:$D$164),"")&IFERROR(_xlfn.XLOOKUP(J12,ETANCHEITE!Z$19:Z$164,ETANCHEITE!$E$19:$E$164),"")&IFERROR(_xlfn.XLOOKUP(J12,ETANCHEITE!Z$19:Z$164,ETANCHEITE!$F$19:$F$164),"")} | O12: =IFERROR(VLOOKUP(J12,ETANCHEITE!Z$19:AB$164,2,FALSE),"")&" "&IFERROR(VLOOKUP(J12,ETANCHEITE!Z$19:AB$164,3,FALSE),"") | P12: =IF(O12<>" ",'Feuille de Donnée'!$C$3,"") | Q12: {=IFERROR(IF(_xlfn.XLOOKUP(J12,ETANCHEITE!Z$19:Z$89,ETANCHEITE!X$19:X$89,"")<>"",_xlfn.XLOOKUP(J12,ETANCHEITE!Z$19:Z$89,ETANCHEITE!X$19:X$89,""), INDEX(ETANCHEITE!X:X,MAX(_xlfn._xlws.FILTER(ROW(ETANCHEITE!X$19:INDIRECT("'PEINTURE'!O" & M12-1)),ETANCHEITE!X$19:INDIRECT("'PEINTURE'!O" & M12-1)<>"")))),"")} | R12: {=IFERROR(IF(_xlfn.XLOOKUP(J12,ETANCHEITE!Z$19:Z$89,ETANCHEITE!Y$19:Y$89,"")<>"",_xlfn.XLOOKUP(J12,ETANCHEITE!Z$19:Z$89,ETANCHEITE!Y$19:Y$89,""), INDEX(ETANCHEITE!Y:Y,MAX(_xlfn._xlws.FILTER(ROW(ETANCHEITE!Y$19:INDIRECT("'PEINTURE'!P" & M12-1)),ETANCHEITE!Y$19:INDIRECT("'PEINTURE'!P" & M12-1)<>"")))),"")} | S12: 10 | T12: =IF(X12<>" ",ETANCHEITE!$D$5,"") | U12: =IF(X12<>" ",ETANCHEITE!$D$8,"") | V12: =IFERROR(MATCH(S12,ETANCHEITE!AI$19:AI$164,0)+18,"") | W12: {=IFERROR(IF(_xlfn.XLOOKUP(S12,ETANCHEITE!AI$19:AI$164,ETANCHEITE!$A$19:$A$164,"")<>"",_xlfn.XLOOKUP(S12,ETANCHEITE!AI$19:AI$164,ETANCHEITE!$A$19:$A$164,""), INDEX(ETANCHEITE!$A:$A,MAX(_xlfn._xlws.FILTER(ROW(ETANCHEITE!$A$19:INDIRECT("'MENUISERIES EXTERIEURES'!$A" & V12-1)),ETANCHEITE!$A$19:INDIRECT("'MENUISERIES EXTERIEURES'!$A" & V12-1)<>"")))),"")&" "&IFERROR(_xlfn.XLOOKUP(S12,ETANCHEITE!AI$19:AI$164,ETANCHEITE!$B$19:$B$164),"")&IFERROR(_xlfn.XLOOKUP(S12,ETANCHEITE!AI$19:AI$164,ETANCHEITE!$C$19:$C$164),"")&IFERROR(_xlfn.XLOOKUP(S12,ETANCHEITE!AI$19:AI$164,ETANCHEITE!$D$19:$D$164),"")&IFERROR(_xlfn.XLOOKUP(S12,ETANCHEITE!AI$19:AI$164,ETANCHEITE!$E$19:$E$164),"")&IFERROR(_xlfn.XLOOKUP(S12,ETANCHEITE!AI$19:AI$164,ETANCHEITE!$F$19:$F$164),"")} | X12: =IFERROR(VLOOKUP(S12,ETANCHEITE!AI$19:AK$164,2,FALSE),"")&" "&IFERROR(VLOOKUP(S12,ETANCHEITE!AI$19:AK$164,3,FALSE),"") | Y12: =IF(X12<>" ",'Feuille de Donnée'!$C$3,"") | Z12: {=IFERROR(IF(_xlfn.XLOOKUP(S12,ETANCHEITE!AI$19:AI$89,ETANCHEITE!AG$19:AG$89,"")<>"",_xlfn.XLOOKUP(S12,ETANCHEITE!AI$19:AI$89,ETANCHEITE!AG$19:AG$89,""), INDEX(ETANCHEITE!AG:AG,MAX(_xlfn._xlws.FILTER(ROW(ETANCHEITE!AG$19:INDIRECT("'PEINTURE'!O" & V12-1)),ETANCHEITE!AG$19:INDIRECT("'PEINTURE'!O" & V12-1)<>"")))),"")} | AA12: {=IFERROR(IF(_xlfn.XLOOKUP(S12,ETANCHEITE!AI$19:AI$89,ETANCHEITE!AH$19:AH$89,"")<>"",_xlfn.XLOOKUP(S12,ETANCHEITE!AI$19:AI$89,ETANCHEITE!AH$19:AH$89,""), INDEX(ETANCHEITE!AH:AH,MAX(_xlfn._xlws.FILTER(ROW(ETANCHEITE!AH$19:INDIRECT("'PEINTURE'!P" & V12-1)),ETANCHEITE!AH$19:INDIRECT("'PEINTURE'!P" & V12-1)<>"")))),"")} | AB12: 10 | AC12: =IF(AG12<>" ",ETANCHEITE!$D$5,"") | AD12: =IF(AG12<>" ",ETANCHEITE!$D$8,"") | AE12: =IFERROR(MATCH(AB12,ETANCHEITE!AR$19:AR$164,0)+18,"") | AF12: {=IFERROR(IF(_xlfn.XLOOKUP(AB12,ETANCHEITE!AR$19:AR$164,ETANCHEITE!$A$19:$A$164,"")<>"",_xlfn.XLOOKUP(AB12,ETANCHEITE!AR$19:AR$164,ETANCHEITE!$A$19:$A$164,""), INDEX(ETANCHEITE!$A:$A,MAX(_xlfn._xlws.FILTER(ROW(ETANCHEITE!$A$19:INDIRECT("'MENUISERIES EXTERIEURES'!$A" & AE12-1)),ETANCHEITE!$A$19:INDIRECT("'MENUISERIES EXTERIEURES'!$A" & AE12-1)<>"")))),"")&" "&IFERROR(_xlfn.XLOOKUP(AB12,ETANCHEITE!AR$19:AR$164,ETANCHEITE!$B$19:$B$164),"")&IFERROR(_xlfn.XLOOKUP(AB12,ETANCHEITE!AR$19:AR$164,ETANCHEITE!$C$19:$C$164),"")&IFERROR(_xlfn.XLOOKUP(AB12,ETANCHEITE!AR$19:AR$164,ETANCHEITE!$D$19:$D$164),"")&IFERROR(_xlfn.XLOOKUP(AB12,ETANCHEITE!AR$19:AR$164,ETANCHEITE!$E$19:$E$164),"")&IFERROR(_xlfn.XLOOKUP(AB12,ETANCHEITE!AR$19:AR$164,ETANCHEITE!$F$19:$F$164),"")} | AG12: =IFERROR(VLOOKUP(AB12,ETANCHEITE!AR$19:AT$164,2,FALSE),"")&" "&IFERROR(VLOOKUP(AB12,ETANCHEITE!AR$19:AT$164,3,FALSE),"") | AH12: =IF(AG12<>" ",'Feuille de Donnée'!$C$3,"") | AI12: {=IFERROR(IF(_xlfn.XLOOKUP(AB12,ETANCHEITE!AR$19:AR$89,ETANCHEITE!AP$19:AP$89,"")<>"",_xlfn.XLOOKUP(AB12,ETANCHEITE!AR$19:AR$89,ETANCHEITE!AP$19:AP$89,""), INDEX(ETANCHEITE!AP:AP,MAX(_xlfn._xlws.FILTER(ROW(ETANCHEITE!AP$19:INDIRECT("'PEINTURE'!O" & AE12-1)),ETANCHEITE!AP$19:INDIRECT("'PEINTURE'!O" & AE12-1)<>"")))),"")} | AJ12: {=IFERROR(IF(_xlfn.XLOOKUP(AB12,ETANCHEITE!AR$19:AR$89,ETANCHEITE!AQ$19:AQ$89,"")<>"",_xlfn.XLOOKUP(AB12,ETANCHEITE!AR$19:AR$89,ETANCHEITE!AQ$19:AQ$89,""), INDEX(ETANCHEITE!AQ:AQ,MAX(_xlfn._xlws.FILTER(ROW(ETANCHEITE!AQ$19:INDIRECT("'PEINTURE'!P" & AE12-1)),ETANCHEITE!AQ$19:INDIRECT("'PEINTURE'!P" & AE12-1)<>"")))),"")} | AK12: 10 | AL12: =IF(AP12<>" ",ETANCHEITE!$D$5,"") | AM12: =IF(AP12<>" ",ETANCHEITE!$D$8,"") | AN12: =IFERROR(MATCH(AK12,ETANCHEITE!BA$19:BA$164,0)+18,"") | AO12: {=IFERROR(IF(_xlfn.XLOOKUP(AK12,ETANCHEITE!BA$19:BA$164,ETANCHEITE!$A$19:$A$164,"")<>"",_xlfn.XLOOKUP(AK12,ETANCHEITE!BA$19:BA$164,ETANCHEITE!$A$19:$A$164,""), INDEX(ETANCHEITE!$A:$A,MAX(_xlfn._xlws.FILTER(ROW(ETANCHEITE!$A$19:INDIRECT("'MENUISERIES EXTERIEURES'!$A" & AN12-1)),ETANCHEITE!$A$19:INDIRECT("'MENUISERIES EXTERIEURES'!$A" & AN12-1)<>"")))),"")&" "&IFERROR(_xlfn.XLOOKUP(AK12,ETANCHEITE!BA$19:BA$164,ETANCHEITE!$B$19:$B$164),"")&IFERROR(_xlfn.XLOOKUP(AK12,ETANCHEITE!BA$19:BA$164,ETANCHEITE!$C$19:$C$164),"")&IFERROR(_xlfn.XLOOKUP(AK12,ETANCHEITE!BA$19:BA$164,ETANCHEITE!$D$19:$D$164),"")&IFERROR(_xlfn.XLOOKUP(AK12,ETANCHEITE!BA$19:BA$164,ETANCHEITE!$E$19:$E$164),"")&IFERROR(_xlfn.XLOOKUP(AK12,ETANCHEITE!BA$19:BA$164,ETANCHEITE!$F$19:$F$164),"")} | AP12: =IFERROR(VLOOKUP(AK12,ETANCHEITE!BA$19:BC$164,2,FALSE),"")&" "&IFERROR(VLOOKUP(AK12,ETANCHEITE!BA$19:BC$164,3,FALSE),"") | AQ12: =IF(AP12<>" ",'Feuille de Donnée'!$C$3,"") | AR12: {=IFERROR(IF(_xlfn.XLOOKUP(AK12,ETANCHEITE!BA$19:BA$89,ETANCHEITE!AY$19:AY$89,"")<>"",_xlfn.XLOOKUP(AK12,ETANCHEITE!BA$19:BA$89,ETANCHEITE!AY$19:AY$89,""), INDEX(ETANCHEITE!AY:AY,MAX(_xlfn._xlws.FILTER(ROW(ETANCHEITE!AY$19:INDIRECT("'PEINTURE'!O" & AN12-1)),ETANCHEITE!AY$19:INDIRECT("'PEINTURE'!O" & AN12-1)<>"")))),"")} | AS12: {=IFERROR(IF(_xlfn.XLOOKUP(AK12,ETANCHEITE!BA$19:BA$89,ETANCHEITE!AZ$19:AZ$89,"")<>"",_xlfn.XLOOKUP(AK12,ETANCHEITE!BA$19:BA$89,ETANCHEITE!AZ$19:AZ$89,""), INDEX(ETANCHEITE!AZ:AZ,MAX(_xlfn._xlws.FILTER(ROW(ETANCHEITE!AZ$19:INDIRECT("'PEINTURE'!P" & AN12-1)),ETANCHEITE!AZ$19:INDIRECT("'PEINTURE'!P" & AN12-1)<>"")))),"")} | AT12: 10 | AU12: =IF(AY12<>" ",ETANCHEITE!$D$5,"") | AV12: =IF(AY12<>" ",ETANCHEITE!$D$8,"") | AW12: =IFERROR(MATCH(AT12,ETANCHEITE!BJ$19:BJ$164,0)+18,"") | AX12: {=IFERROR(IF(_xlfn.XLOOKUP(AT12,ETANCHEITE!BJ$19:BJ$164,ETANCHEITE!$A$19:$A$164,"")<>"",_xlfn.XLOOKUP(AT12,ETANCHEITE!BJ$19:BJ$164,ETANCHEITE!$A$19:$A$164,""), INDEX(ETANCHEITE!$A:$A,MAX(_xlfn._xlws.FILTER(ROW(ETANCHEITE!$A$19:INDIRECT("'MENUISERIES EXTERIEURES'!$A" & AW12-1)),ETANCHEITE!$A$19:INDIRECT("'MENUISERIES EXTERIEURES'!$A" & AW12-1)<>"")))),"")&" "&IFERROR(_xlfn.XLOOKUP(AT12,ETANCHEITE!BJ$19:BJ$164,ETANCHEITE!$B$19:$B$164),"")&IFERROR(_xlfn.XLOOKUP(AT12,ETANCHEITE!BJ$19:BJ$164,ETANCHEITE!$C$19:$C$164),"")&IFERROR(_xlfn.XLOOKUP(AT12,ETANCHEITE!BJ$19:BJ$164,ETANCHEITE!$D$19:$D$164),"")&IFERROR(_xlfn.XLOOKUP(AT12,ETANCHEITE!BJ$19:BJ$164,ETANCHEITE!$E$19:$E$164),"")&IFERROR(_xlfn.XLOOKUP(AT12,ETANCHEITE!BJ$19:BJ$164,ETANCHEITE!$F$19:$F$164),"")} | AY12: =IFERROR(VLOOKUP(AT12,ETANCHEITE!BJ$19:BL$164,2,FALSE),"")&" "&IFERROR(VLOOKUP(AT12,ETANCHEITE!BJ$19:BL$164,3,FALSE),"") | AZ12: =IF(AY12<>" ",'Feuille de Donnée'!$C$3,"") | BA12: {=IFERROR(IF(_xlfn.XLOOKUP(AT12,ETANCHEITE!BJ$19:BJ$89,ETANCHEITE!BH$19:BH$89,"")<>"",_xlfn.XLOOKUP(AT12,ETANCHEITE!BJ$19:BJ$89,ETANCHEITE!BH$19:BH$89,""), INDEX(ETANCHEITE!BH:BH,MAX(_xlfn._xlws.FILTER(ROW(ETANCHEITE!BH$19:INDIRECT("'PEINTURE'!O" & AW12-1)),ETANCHEITE!BH$19:INDIRECT("'PEINTURE'!O" & AW12-1)<>"")))),"")} | BB12: {=IFERROR(IF(_xlfn.XLOOKUP(AT12,ETANCHEITE!BJ$19:BJ$89,ETANCHEITE!BI$19:BI$89,"")<>"",_xlfn.XLOOKUP(AT12,ETANCHEITE!BJ$19:BJ$89,ETANCHEITE!BI$19:BI$89,""), INDEX(ETANCHEITE!BI:BI,MAX(_xlfn._xlws.FILTER(ROW(ETANCHEITE!BI$19:INDIRECT("'PEINTURE'!P" & AW12-1)),ETANCHEITE!BI$19:INDIRECT("'PEINTURE'!P" & AW12-1)<>"")))),"")}
A13: 11 | B13: =IF(F13<>" ",ETANCHEITE!$D$5,"") | C13: =IF(F13<>" ",ETANCHEITE!$D$8,"") | D13: =IFERROR(MATCH(A13,ETANCHEITE!Q$19:Q$164,0)+18,"") | E13: {=IFERROR(IF(_xlfn.XLOOKUP(A13,ETANCHEITE!Q$19:Q$164,ETANCHEITE!$A$19:$A$164,"")<>"",_xlfn.XLOOKUP(A13,ETANCHEITE!Q$19:Q$164,ETANCHEITE!$A$19:$A$164,""), INDEX(ETANCHEITE!$A:$A,MAX(_xlfn._xlws.FILTER(ROW(ETANCHEITE!$A$19:INDIRECT("'MENUISERIES EXTERIEURES'!$A" & D13-1)),ETANCHEITE!$A$19:INDIRECT("'MENUISERIES EXTERIEURES'!$A" & D13-1)<>"")))),"")&" "&IFERROR(_xlfn.XLOOKUP(A13,ETANCHEITE!Q$19:Q$164,ETANCHEITE!$B$19:$B$164),"")&IFERROR(_xlfn.XLOOKUP(A13,ETANCHEITE!Q$19:Q$164,ETANCHEITE!$C$19:$C$164),"")&IFERROR(_xlfn.XLOOKUP(A13,ETANCHEITE!Q$19:Q$164,ETANCHEITE!$D$19:$D$164),"")&IFERROR(_xlfn.XLOOKUP(A13,ETANCHEITE!Q$19:Q$164,ETANCHEITE!$E$19:$E$164),"")&IFERROR(_xlfn.XLOOKUP(A13,ETANCHEITE!Q$19:Q$164,ETANCHEITE!$F$19:$F$164),"")} | F13: =IFERROR(VLOOKUP(A13,ETANCHEITE!Q$19:S$164,2,FALSE),"")&" "&IFERROR(VLOOKUP(A13,ETANCHEITE!Q$19:S$164,3,FALSE),"") | G13: =IF(F13<>" ",'Feuille de Donnée'!$C$3,"") | H13: {=IFERROR(IF(_xlfn.XLOOKUP(A13,ETANCHEITE!Q$19:Q$89,ETANCHEITE!O$19:O$89,"")<>"",_xlfn.XLOOKUP(A13,ETANCHEITE!Q$19:Q$89,ETANCHEITE!O$19:O$89,""), INDEX(ETANCHEITE!O:O,MAX(_xlfn._xlws.FILTER(ROW(ETANCHEITE!O$19:INDIRECT("'PEINTURE'!O" & D13-1)),ETANCHEITE!O$19:INDIRECT("'PEINTURE'!O" & D13-1)<>"")))),"")} | I13: {=IFERROR(IF(_xlfn.XLOOKUP(A13,ETANCHEITE!Q$19:Q$89,ETANCHEITE!P$19:P$89,"")<>"",_xlfn.XLOOKUP(A13,ETANCHEITE!Q$19:Q$89,ETANCHEITE!P$19:P$89,""), INDEX(ETANCHEITE!P:P,MAX(_xlfn._xlws.FILTER(ROW(ETANCHEITE!P$19:INDIRECT("'PEINTURE'!P" & D13-1)),ETANCHEITE!P$19:INDIRECT("'PEINTURE'!P" & D13-1)<>"")))),"")} | J13: 11 | K13: =IF(O13<>" ",ETANCHEITE!$D$5,"") | L13: =IF(O13<>" ",ETANCHEITE!$D$8,"") | M13: =IFERROR(MATCH(J13,ETANCHEITE!Z$19:Z$164,0)+18,"") | N13: {=IFERROR(IF(_xlfn.XLOOKUP(J13,ETANCHEITE!Z$19:Z$164,ETANCHEITE!$A$19:$A$164,"")<>"",_xlfn.XLOOKUP(J13,ETANCHEITE!Z$19:Z$164,ETANCHEITE!$A$19:$A$164,""), INDEX(ETANCHEITE!$A:$A,MAX(_xlfn._xlws.FILTER(ROW(ETANCHEITE!$A$19:INDIRECT("'MENUISERIES EXTERIEURES'!$A" & M13-1)),ETANCHEITE!$A$19:INDIRECT("'MENUISERIES EXTERIEURES'!$A" & M13-1)<>"")))),"")&" "&IFERROR(_xlfn.XLOOKUP(J13,ETANCHEITE!Z$19:Z$164,ETANCHEITE!$B$19:$B$164),"")&IFERROR(_xlfn.XLOOKUP(J13,ETANCHEITE!Z$19:Z$164,ETANCHEITE!$C$19:$C$164),"")&IFERROR(_xlfn.XLOOKUP(J13,ETANCHEITE!Z$19:Z$164,ETANCHEITE!$D$19:$D$164),"")&IFERROR(_xlfn.XLOOKUP(J13,ETANCHEITE!Z$19:Z$164,ETANCHEITE!$E$19:$E$164),"")&IFERROR(_xlfn.XLOOKUP(J13,ETANCHEITE!Z$19:Z$164,ETANCHEITE!$F$19:$F$164),"")} | O13: =IFERROR(VLOOKUP(J13,ETANCHEITE!Z$19:AB$164,2,FALSE),"")&" "&IFERROR(VLOOKUP(J13,ETANCHEITE!Z$19:AB$164,3,FALSE),"") | P13: =IF(O13<>" ",'Feuille de Donnée'!$C$3,"") | Q13: {=IFERROR(IF(_xlfn.XLOOKUP(J13,ETANCHEITE!Z$19:Z$89,ETANCHEITE!X$19:X$89,"")<>"",_xlfn.XLOOKUP(J13,ETANCHEITE!Z$19:Z$89,ETANCHEITE!X$19:X$89,""), INDEX(ETANCHEITE!X:X,MAX(_xlfn._xlws.FILTER(ROW(ETANCHEITE!X$19:INDIRECT("'PEINTURE'!O" & M13-1)),ETANCHEITE!X$19:INDIRECT("'PEINTURE'!O" & M13-1)<>"")))),"")} | R13: {=IFERROR(IF(_xlfn.XLOOKUP(J13,ETANCHEITE!Z$19:Z$89,ETANCHEITE!Y$19:Y$89,"")<>"",_xlfn.XLOOKUP(J13,ETANCHEITE!Z$19:Z$89,ETANCHEITE!Y$19:Y$89,""), INDEX(ETANCHEITE!Y:Y,MAX(_xlfn._xlws.FILTER(ROW(ETANCHEITE!Y$19:INDIRECT("'PEINTURE'!P" & M13-1)),ETANCHEITE!Y$19:INDIRECT("'PEINTURE'!P" & M13-1)<>"")))),"")} | S13: 11 | T13: =IF(X13<>" ",ETANCHEITE!$D$5,"") | U13: =IF(X13<>" ",ETANCHEITE!$D$8,"") | V13: =IFERROR(MATCH(S13,ETANCHEITE!AI$19:AI$164,0)+18,"") | W13: {=IFERROR(IF(_xlfn.XLOOKUP(S13,ETANCHEITE!AI$19:AI$164,ETANCHEITE!$A$19:$A$164,"")<>"",_xlfn.XLOOKUP(S13,ETANCHEITE!AI$19:AI$164,ETANCHEITE!$A$19:$A$164,""), INDEX(ETANCHEITE!$A:$A,MAX(_xlfn._xlws.FILTER(ROW(ETANCHEITE!$A$19:INDIRECT("'MENUISERIES EXTERIEURES'!$A" & V13-1)),ETANCHEITE!$A$19:INDIRECT("'MENUISERIES EXTERIEURES'!$A" & V13-1)<>"")))),"")&" "&IFERROR(_xlfn.XLOOKUP(S13,ETANCHEITE!AI$19:AI$164,ETANCHEITE!$B$19:$B$164),"")&IFERROR(_xlfn.XLOOKUP(S13,ETANCHEITE!AI$19:AI$164,ETANCHEITE!$C$19:$C$164),"")&IFERROR(_xlfn.XLOOKUP(S13,ETANCHEITE!AI$19:AI$164,ETANCHEITE!$D$19:$D$164),"")&IFERROR(_xlfn.XLOOKUP(S13,ETANCHEITE!AI$19:AI$164,ETANCHEITE!$E$19:$E$164),"")&IFERROR(_xlfn.XLOOKUP(S13,ETANCHEITE!AI$19:AI$164,ETANCHEITE!$F$19:$F$164),"")} | X13: =IFERROR(VLOOKUP(S13,ETANCHEITE!AI$19:AK$164,2,FALSE),"")&" "&IFERROR(VLOOKUP(S13,ETANCHEITE!AI$19:AK$164,3,FALSE),"") | Y13: =IF(X13<>" ",'Feuille de Donnée'!$C$3,"") | Z13: {=IFERROR(IF(_xlfn.XLOOKUP(S13,ETANCHEITE!AI$19:AI$89,ETANCHEITE!AG$19:AG$89,"")<>"",_xlfn.XLOOKUP(S13,ETANCHEITE!AI$19:AI$89,ETANCHEITE!AG$19:AG$89,""), INDEX(ETANCHEITE!AG:AG,MAX(_xlfn._xlws.FILTER(ROW(ETANCHEITE!AG$19:INDIRECT("'PEINTURE'!O" & V13-1)),ETANCHEITE!AG$19:INDIRECT("'PEINTURE'!O" & V13-1)<>"")))),"")} | AA13: {=IFERROR(IF(_xlfn.XLOOKUP(S13,ETANCHEITE!AI$19:AI$89,ETANCHEITE!AH$19:AH$89,"")<>"",_xlfn.XLOOKUP(S13,ETANCHEITE!AI$19:AI$89,ETANCHEITE!AH$19:AH$89,""), INDEX(ETANCHEITE!AH:AH,MAX(_xlfn._xlws.FILTER(ROW(ETANCHEITE!AH$19:INDIRECT("'PEINTURE'!P" & V13-1)),ETANCHEITE!AH$19:INDIRECT("'PEINTURE'!P" & V13-1)<>"")))),"")} | AB13: 11 | AC13: =IF(AG13<>" ",ETANCHEITE!$D$5,"") | AD13: =IF(AG13<>" ",ETANCHEITE!$D$8,"") | AE13: =IFERROR(MATCH(AB13,ETANCHEITE!AR$19:AR$164,0)+18,"") | AF13: {=IFERROR(IF(_xlfn.XLOOKUP(AB13,ETANCHEITE!AR$19:AR$164,ETANCHEITE!$A$19:$A$164,"")<>"",_xlfn.XLOOKUP(AB13,ETANCHEITE!AR$19:AR$164,ETANCHEITE!$A$19:$A$164,""), INDEX(ETANCHEITE!$A:$A,MAX(_xlfn._xlws.FILTER(ROW(ETANCHEITE!$A$19:INDIRECT("'MENUISERIES EXTERIEURES'!$A" & AE13-1)),ETANCHEITE!$A$19:INDIRECT("'MENUISERIES EXTERIEURES'!$A" & AE13-1)<>"")))),"")&" "&IFERROR(_xlfn.XLOOKUP(AB13,ETANCHEITE!AR$19:AR$164,ETANCHEITE!$B$19:$B$164),"")&IFERROR(_xlfn.XLOOKUP(AB13,ETANCHEITE!AR$19:AR$164,ETANCHEITE!$C$19:$C$164),"")&IFERROR(_xlfn.XLOOKUP(AB13,ETANCHEITE!AR$19:AR$164,ETANCHEITE!$D$19:$D$164),"")&IFERROR(_xlfn.XLOOKUP(AB13,ETANCHEITE!AR$19:AR$164,ETANCHEITE!$E$19:$E$164),"")&IFERROR(_xlfn.XLOOKUP(AB13,ETANCHEITE!AR$19:AR$164,ETANCHEITE!$F$19:$F$164),"")} | AG13: =IFERROR(VLOOKUP(AB13,ETANCHEITE!AR$19:AT$164,2,FALSE),"")&" "&IFERROR(VLOOKUP(AB13,ETANCHEITE!AR$19:AT$164,3,FALSE),"") | AH13: =IF(AG13<>" ",'Feuille de Donnée'!$C$3,"") | AI13: {=IFERROR(IF(_xlfn.XLOOKUP(AB13,ETANCHEITE!AR$19:AR$89,ETANCHEITE!AP$19:AP$89,"")<>"",_xlfn.XLOOKUP(AB13,ETANCHEITE!AR$19:AR$89,ETANCHEITE!AP$19:AP$89,""), INDEX(ETANCHEITE!AP:AP,MAX(_xlfn._xlws.FILTER(ROW(ETANCHEITE!AP$19:INDIRECT("'PEINTURE'!O" & AE13-1)),ETANCHEITE!AP$19:INDIRECT("'PEINTURE'!O" & AE13-1)<>"")))),"")} | AJ13: {=IFERROR(IF(_xlfn.XLOOKUP(AB13,ETANCHEITE!AR$19:AR$89,ETANCHEITE!AQ$19:AQ$89,"")<>"",_xlfn.XLOOKUP(AB13,ETANCHEITE!AR$19:AR$89,ETANCHEITE!AQ$19:AQ$89,""), INDEX(ETANCHEITE!AQ:AQ,MAX(_xlfn._xlws.FILTER(ROW(ETANCHEITE!AQ$19:INDIRECT("'PEINTURE'!P" & AE13-1)),ETANCHEITE!AQ$19:INDIRECT("'PEINTURE'!P" & AE13-1)<>"")))),"")} | AK13: 11 | AL13: =IF(AP13<>" ",ETANCHEITE!$D$5,"") | AM13: =IF(AP13<>" ",ETANCHEITE!$D$8,"") | AN13: =IFERROR(MATCH(AK13,ETANCHEITE!BA$19:BA$164,0)+18,"") | AO13: {=IFERROR(IF(_xlfn.XLOOKUP(AK13,ETANCHEITE!BA$19:BA$164,ETANCHEITE!$A$19:$A$164,"")<>"",_xlfn.XLOOKUP(AK13,ETANCHEITE!BA$19:BA$164,ETANCHEITE!$A$19:$A$164,""), INDEX(ETANCHEITE!$A:$A,MAX(_xlfn._xlws.FILTER(ROW(ETANCHEITE!$A$19:INDIRECT("'MENUISERIES EXTERIEURES'!$A" & AN13-1)),ETANCHEITE!$A$19:INDIRECT("'MENUISERIES EXTERIEURES'!$A" & AN13-1)<>"")))),"")&" "&IFERROR(_xlfn.XLOOKUP(AK13,ETANCHEITE!BA$19:BA$164,ETANCHEITE!$B$19:$B$164),"")&IFERROR(_xlfn.XLOOKUP(AK13,ETANCHEITE!BA$19:BA$164,ETANCHEITE!$C$19:$C$164),"")&IFERROR(_xlfn.XLOOKUP(AK13,ETANCHEITE!BA$19:BA$164,ETANCHEITE!$D$19:$D$164),"")&IFERROR(_xlfn.XLOOKUP(AK13,ETANCHEITE!BA$19:BA$164,ETANCHEITE!$E$19:$E$164),"")&IFERROR(_xlfn.XLOOKUP(AK13,ETANCHEITE!BA$19:BA$164,ETANCHEITE!$F$19:$F$164),"")} | AP13: =IFERROR(VLOOKUP(AK13,ETANCHEITE!BA$19:BC$164,2,FALSE),"")&" "&IFERROR(VLOOKUP(AK13,ETANCHEITE!BA$19:BC$164,3,FALSE),"") | AQ13: =IF(AP13<>" ",'Feuille de Donnée'!$C$3,"") | AR13: {=IFERROR(IF(_xlfn.XLOOKUP(AK13,ETANCHEITE!BA$19:BA$89,ETANCHEITE!AY$19:AY$89,"")<>"",_xlfn.XLOOKUP(AK13,ETANCHEITE!BA$19:BA$89,ETANCHEITE!AY$19:AY$89,""), INDEX(ETANCHEITE!AY:AY,MAX(_xlfn._xlws.FILTER(ROW(ETANCHEITE!AY$19:INDIRECT("'PEINTURE'!O" & AN13-1)),ETANCHEITE!AY$19:INDIRECT("'PEINTURE'!O" & AN13-1)<>"")))),"")} | AS13: {=IFERROR(IF(_xlfn.XLOOKUP(AK13,ETANCHEITE!BA$19:BA$89,ETANCHEITE!AZ$19:AZ$89,"")<>"",_xlfn.XLOOKUP(AK13,ETANCHEITE!BA$19:BA$89,ETANCHEITE!AZ$19:AZ$89,""), INDEX(ETANCHEITE!AZ:AZ,MAX(_xlfn._xlws.FILTER(ROW(ETANCHEITE!AZ$19:INDIRECT("'PEINTURE'!P" & AN13-1)),ETANCHEITE!AZ$19:INDIRECT("'PEINTURE'!P" & AN13-1)<>"")))),"")} | AT13: 11 | AU13: =IF(AY13<>" ",ETANCHEITE!$D$5,"") | AV13: =IF(AY13<>" ",ETANCHEITE!$D$8,"") | AW13: =IFERROR(MATCH(AT13,ETANCHEITE!BJ$19:BJ$164,0)+18,"") | AX13: {=IFERROR(IF(_xlfn.XLOOKUP(AT13,ETANCHEITE!BJ$19:BJ$164,ETANCHEITE!$A$19:$A$164,"")<>"",_xlfn.XLOOKUP(AT13,ETANCHEITE!BJ$19:BJ$164,ETANCHEITE!$A$19:$A$164,""), INDEX(ETANCHEITE!$A:$A,MAX(_xlfn._xlws.FILTER(ROW(ETANCHEITE!$A$19:INDIRECT("'MENUISERIES EXTERIEURES'!$A" & AW13-1)),ETANCHEITE!$A$19:INDIRECT("'MENUISERIES EXTERIEURES'!$A" & AW13-1)<>"")))),"")&" "&IFERROR(_xlfn.XLOOKUP(AT13,ETANCHEITE!BJ$19:BJ$164,ETANCHEITE!$B$19:$B$164),"")&IFERROR(_xlfn.XLOOKUP(AT13,ETANCHEITE!BJ$19:BJ$164,ETANCHEITE!$C$19:$C$164),"")&IFERROR(_xlfn.XLOOKUP(AT13,ETANCHEITE!BJ$19:BJ$164,ETANCHEITE!$D$19:$D$164),"")&IFERROR(_xlfn.XLOOKUP(AT13,ETANCHEITE!BJ$19:BJ$164,ETANCHEITE!$E$19:$E$164),"")&IFERROR(_xlfn.XLOOKUP(AT13,ETANCHEITE!BJ$19:BJ$164,ETANCHEITE!$F$19:$F$164),"")} | AY13: =IFERROR(VLOOKUP(AT13,ETANCHEITE!BJ$19:BL$164,2,FALSE),"")&" "&IFERROR(VLOOKUP(AT13,ETANCHEITE!BJ$19:BL$164,3,FALSE),"") | AZ13: =IF(AY13<>" ",'Feuille de Donnée'!$C$3,"") | BA13: {=IFERROR(IF(_xlfn.XLOOKUP(AT13,ETANCHEITE!BJ$19:BJ$89,ETANCHEITE!BH$19:BH$89,"")<>"",_xlfn.XLOOKUP(AT13,ETANCHEITE!BJ$19:BJ$89,ETANCHEITE!BH$19:BH$89,""), INDEX(ETANCHEITE!BH:BH,MAX(_xlfn._xlws.FILTER(ROW(ETANCHEITE!BH$19:INDIRECT("'PEINTURE'!O" & AW13-1)),ETANCHEITE!BH$19:INDIRECT("'PEINTURE'!O" & AW13-1)<>"")))),"")} | BB13: {=IFERROR(IF(_xlfn.XLOOKUP(AT13,ETANCHEITE!BJ$19:BJ$89,ETANCHEITE!BI$19:BI$89,"")<>"",_xlfn.XLOOKUP(AT13,ETANCHEITE!BJ$19:BJ$89,ETANCHEITE!BI$19:BI$89,""), INDEX(ETANCHEITE!BI:BI,MAX(_xlfn._xlws.FILTER(ROW(ETANCHEITE!BI$19:INDIRECT("'PEINTURE'!P" & AW13-1)),ETANCHEITE!BI$19:INDIRECT("'PEINTURE'!P" & AW13-1)<>"")))),"")}
A14: 12 | B14: =IF(F14<>" ",ETANCHEITE!$D$5,"") | C14: =IF(F14<>" ",ETANCHEITE!$D$8,"") | D14: =IFERROR(MATCH(A14,ETANCHEITE!Q$19:Q$164,0)+18,"") | E14: {=IFERROR(IF(_xlfn.XLOOKUP(A14,ETANCHEITE!Q$19:Q$164,ETANCHEITE!$A$19:$A$164,"")<>"",_xlfn.XLOOKUP(A14,ETANCHEITE!Q$19:Q$164,ETANCHEITE!$A$19:$A$164,""), INDEX(ETANCHEITE!$A:$A,MAX(_xlfn._xlws.FILTER(ROW(ETANCHEITE!$A$19:INDIRECT("'MENUISERIES EXTERIEURES'!$A" & D14-1)),ETANCHEITE!$A$19:INDIRECT("'MENUISERIES EXTERIEURES'!$A" & D14-1)<>"")))),"")&" "&IFERROR(_xlfn.XLOOKUP(A14,ETANCHEITE!Q$19:Q$164,ETANCHEITE!$B$19:$B$164),"")&IFERROR(_xlfn.XLOOKUP(A14,ETANCHEITE!Q$19:Q$164,ETANCHEITE!$C$19:$C$164),"")&IFERROR(_xlfn.XLOOKUP(A14,ETANCHEITE!Q$19:Q$164,ETANCHEITE!$D$19:$D$164),"")&IFERROR(_xlfn.XLOOKUP(A14,ETANCHEITE!Q$19:Q$164,ETANCHEITE!$E$19:$E$164),"")&IFERROR(_xlfn.XLOOKUP(A14,ETANCHEITE!Q$19:Q$164,ETANCHEITE!$F$19:$F$164),"")} | F14: =IFERROR(VLOOKUP(A14,ETANCHEITE!Q$19:S$164,2,FALSE),"")&" "&IFERROR(VLOOKUP(A14,ETANCHEITE!Q$19:S$164,3,FALSE),"") | G14: =IF(F14<>" ",'Feuille de Donnée'!$C$3,"") | H14: {=IFERROR(IF(_xlfn.XLOOKUP(A14,ETANCHEITE!Q$19:Q$89,ETANCHEITE!O$19:O$89,"")<>"",_xlfn.XLOOKUP(A14,ETANCHEITE!Q$19:Q$89,ETANCHEITE!O$19:O$89,""), INDEX(ETANCHEITE!O:O,MAX(_xlfn._xlws.FILTER(ROW(ETANCHEITE!O$19:INDIRECT("'PEINTURE'!O" & D14-1)),ETANCHEITE!O$19:INDIRECT("'PEINTURE'!O" & D14-1)<>"")))),"")} | I14: {=IFERROR(IF(_xlfn.XLOOKUP(A14,ETANCHEITE!Q$19:Q$89,ETANCHEITE!P$19:P$89,"")<>"",_xlfn.XLOOKUP(A14,ETANCHEITE!Q$19:Q$89,ETANCHEITE!P$19:P$89,""), INDEX(ETANCHEITE!P:P,MAX(_xlfn._xlws.FILTER(ROW(ETANCHEITE!P$19:INDIRECT("'PEINTURE'!P" & D14-1)),ETANCHEITE!P$19:INDIRECT("'PEINTURE'!P" & D14-1)<>"")))),"")} | J14: 12 | K14: =IF(O14<>" ",ETANCHEITE!$D$5,"") | L14: =IF(O14<>" ",ETANCHEITE!$D$8,"") | M14: =IFERROR(MATCH(J14,ETANCHEITE!Z$19:Z$164,0)+18,"") | N14: {=IFERROR(IF(_xlfn.XLOOKUP(J14,ETANCHEITE!Z$19:Z$164,ETANCHEITE!$A$19:$A$164,"")<>"",_xlfn.XLOOKUP(J14,ETANCHEITE!Z$19:Z$164,ETANCHEITE!$A$19:$A$164,""), INDEX(ETANCHEITE!$A:$A,MAX(_xlfn._xlws.FILTER(ROW(ETANCHEITE!$A$19:INDIRECT("'MENUISERIES EXTERIEURES'!$A" & M14-1)),ETANCHEITE!$A$19:INDIRECT("'MENUISERIES EXTERIEURES'!$A" & M14-1)<>"")))),"")&" "&IFERROR(_xlfn.XLOOKUP(J14,ETANCHEITE!Z$19:Z$164,ETANCHEITE!$B$19:$B$164),"")&IFERROR(_xlfn.XLOOKUP(J14,ETANCHEITE!Z$19:Z$164,ETANCHEITE!$C$19:$C$164),"")&IFERROR(_xlfn.XLOOKUP(J14,ETANCHEITE!Z$19:Z$164,ETANCHEITE!$D$19:$D$164),"")&IFERROR(_xlfn.XLOOKUP(J14,ETANCHEITE!Z$19:Z$164,ETANCHEITE!$E$19:$E$164),"")&IFERROR(_xlfn.XLOOKUP(J14,ETANCHEITE!Z$19:Z$164,ETANCHEITE!$F$19:$F$164),"")} | O14: =IFERROR(VLOOKUP(J14,ETANCHEITE!Z$19:AB$164,2,FALSE),"")&" "&IFERROR(VLOOKUP(J14,ETANCHEITE!Z$19:AB$164,3,FALSE),"") | P14: =IF(O14<>" ",'Feuille de Donnée'!$C$3,"") | Q14: {=IFERROR(IF(_xlfn.XLOOKUP(J14,ETANCHEITE!Z$19:Z$89,ETANCHEITE!X$19:X$89,"")<>"",_xlfn.XLOOKUP(J14,ETANCHEITE!Z$19:Z$89,ETANCHEITE!X$19:X$89,""), INDEX(ETANCHEITE!X:X,MAX(_xlfn._xlws.FILTER(ROW(ETANCHEITE!X$19:INDIRECT("'PEINTURE'!O" & M14-1)),ETANCHEITE!X$19:INDIRECT("'PEINTURE'!O" & M14-1)<>"")))),"")} | R14: {=IFERROR(IF(_xlfn.XLOOKUP(J14,ETANCHEITE!Z$19:Z$89,ETANCHEITE!Y$19:Y$89,"")<>"",_xlfn.XLOOKUP(J14,ETANCHEITE!Z$19:Z$89,ETANCHEITE!Y$19:Y$89,""), INDEX(ETANCHEITE!Y:Y,MAX(_xlfn._xlws.FILTER(ROW(ETANCHEITE!Y$19:INDIRECT("'PEINTURE'!P" & M14-1)),ETANCHEITE!Y$19:INDIRECT("'PEINTURE'!P" & M14-1)<>"")))),"")} | S14: 12 | T14: =IF(X14<>" ",ETANCHEITE!$D$5,"") | U14: =IF(X14<>" ",ETANCHEITE!$D$8,"") | V14: =IFERROR(MATCH(S14,ETANCHEITE!AI$19:AI$164,0)+18,"") | W14: {=IFERROR(IF(_xlfn.XLOOKUP(S14,ETANCHEITE!AI$19:AI$164,ETANCHEITE!$A$19:$A$164,"")<>"",_xlfn.XLOOKUP(S14,ETANCHEITE!AI$19:AI$164,ETANCHEITE!$A$19:$A$164,""), INDEX(ETANCHEITE!$A:$A,MAX(_xlfn._xlws.FILTER(ROW(ETANCHEITE!$A$19:INDIRECT("'MENUISERIES EXTERIEURES'!$A" & V14-1)),ETANCHEITE!$A$19:INDIRECT("'MENUISERIES EXTERIEURES'!$A" & V14-1)<>"")))),"")&" "&IFERROR(_xlfn.XLOOKUP(S14,ETANCHEITE!AI$19:AI$164,ETANCHEITE!$B$19:$B$164),"")&IFERROR(_xlfn.XLOOKUP(S14,ETANCHEITE!AI$19:AI$164,ETANCHEITE!$C$19:$C$164),"")&IFERROR(_xlfn.XLOOKUP(S14,ETANCHEITE!AI$19:AI$164,ETANCHEITE!$D$19:$D$164),"")&IFERROR(_xlfn.XLOOKUP(S14,ETANCHEITE!AI$19:AI$164,ETANCHEITE!$E$19:$E$164),"")&IFERROR(_xlfn.XLOOKUP(S14,ETANCHEITE!AI$19:AI$164,ETANCHEITE!$F$19:$F$164),"")} | X14: =IFERROR(VLOOKUP(S14,ETANCHEITE!AI$19:AK$164,2,FALSE),"")&" "&IFERROR(VLOOKUP(S14,ETANCHEITE!AI$19:AK$164,3,FALSE),"") | Y14: =IF(X14<>" ",'Feuille de Donnée'!$C$3,"") | Z14: {=IFERROR(IF(_xlfn.XLOOKUP(S14,ETANCHEITE!AI$19:AI$89,ETANCHEITE!AG$19:AG$89,"")<>"",_xlfn.XLOOKUP(S14,ETANCHEITE!AI$19:AI$89,ETANCHEITE!AG$19:AG$89,""), INDEX(ETANCHEITE!AG:AG,MAX(_xlfn._xlws.FILTER(ROW(ETANCHEITE!AG$19:INDIRECT("'PEINTURE'!O" & V14-1)),ETANCHEITE!AG$19:INDIRECT("'PEINTURE'!O" & V14-1)<>"")))),"")} | AA14: {=IFERROR(IF(_xlfn.XLOOKUP(S14,ETANCHEITE!AI$19:AI$89,ETANCHEITE!AH$19:AH$89,"")<>"",_xlfn.XLOOKUP(S14,ETANCHEITE!AI$19:AI$89,ETANCHEITE!AH$19:AH$89,""), INDEX(ETANCHEITE!AH:AH,MAX(_xlfn._xlws.FILTER(ROW(ETANCHEITE!AH$19:INDIRECT("'PEINTURE'!P" & V14-1)),ETANCHEITE!AH$19:INDIRECT("'PEINTURE'!P" & V14-1)<>"")))),"")} | AB14: 12 | AC14: =IF(AG14<>" ",ETANCHEITE!$D$5,"") | AD14: =IF(AG14<>" ",ETANCHEITE!$D$8,"") | AE14: =IFERROR(MATCH(AB14,ETANCHEITE!AR$19:AR$164,0)+18,"") | AF14: {=IFERROR(IF(_xlfn.XLOOKUP(AB14,ETANCHEITE!AR$19:AR$164,ETANCHEITE!$A$19:$A$164,"")<>"",_xlfn.XLOOKUP(AB14,ETANCHEITE!AR$19:AR$164,ETANCHEITE!$A$19:$A$164,""), INDEX(ETANCHEITE!$A:$A,MAX(_xlfn._xlws.FILTER(ROW(ETANCHEITE!$A$19:INDIRECT("'MENUISERIES EXTERIEURES'!$A" & AE14-1)),ETANCHEITE!$A$19:INDIRECT("'MENUISERIES EXTERIEURES'!$A" & AE14-1)<>"")))),"")&" "&IFERROR(_xlfn.XLOOKUP(AB14,ETANCHEITE!AR$19:AR$164,ETANCHEITE!$B$19:$B$164),"")&IFERROR(_xlfn.XLOOKUP(AB14,ETANCHEITE!AR$19:AR$164,ETANCHEITE!$C$19:$C$164),"")&IFERROR(_xlfn.XLOOKUP(AB14,ETANCHEITE!AR$19:AR$164,ETANCHEITE!$D$19:$D$164),"")&IFERROR(_xlfn.XLOOKUP(AB14,ETANCHEITE!AR$19:AR$164,ETANCHEITE!$E$19:$E$164),"")&IFERROR(_xlfn.XLOOKUP(AB14,ETANCHEITE!AR$19:AR$164,ETANCHEITE!$F$19:$F$164),"")} | AG14: =IFERROR(VLOOKUP(AB14,ETANCHEITE!AR$19:AT$164,2,FALSE),"")&" "&IFERROR(VLOOKUP(AB14,ETANCHEITE!AR$19:AT$164,3,FALSE),"") | AH14: =IF(AG14<>" ",'Feuille de Donnée'!$C$3,"") | AI14: {=IFERROR(IF(_xlfn.XLOOKUP(AB14,ETANCHEITE!AR$19:AR$89,ETANCHEITE!AP$19:AP$89,"")<>"",_xlfn.XLOOKUP(AB14,ETANCHEITE!AR$19:AR$89,ETANCHEITE!AP$19:AP$89,""), INDEX(ETANCHEITE!AP:AP,MAX(_xlfn._xlws.FILTER(ROW(ETANCHEITE!AP$19:INDIRECT("'PEINTURE'!O" & AE14-1)),ETANCHEITE!AP$19:INDIRECT("'PEINTURE'!O" & AE14-1)<>"")))),"")} | AJ14: {=IFERROR(IF(_xlfn.XLOOKUP(AB14,ETANCHEITE!AR$19:AR$89,ETANCHEITE!AQ$19:AQ$89,"")<>"",_xlfn.XLOOKUP(AB14,ETANCHEITE!AR$19:AR$89,ETANCHEITE!AQ$19:AQ$89,""), INDEX(ETANCHEITE!AQ:AQ,MAX(_xlfn._xlws.FILTER(ROW(ETANCHEITE!AQ$19:INDIRECT("'PEINTURE'!P" & AE14-1)),ETANCHEITE!AQ$19:INDIRECT("'PEINTURE'!P" & AE14-1)<>"")))),"")} | AK14: 12 | AL14: =IF(AP14<>" ",ETANCHEITE!$D$5,"") | AM14: =IF(AP14<>" ",ETANCHEITE!$D$8,"") | AN14: =IFERROR(MATCH(AK14,ETANCHEITE!BA$19:BA$164,0)+18,"") | AO14: {=IFERROR(IF(_xlfn.XLOOKUP(AK14,ETANCHEITE!BA$19:BA$164,ETANCHEITE!$A$19:$A$164,"")<>"",_xlfn.XLOOKUP(AK14,ETANCHEITE!BA$19:BA$164,ETANCHEITE!$A$19:$A$164,""), INDEX(ETANCHEITE!$A:$A,MAX(_xlfn._xlws.FILTER(ROW(ETANCHEITE!$A$19:INDIRECT("'MENUISERIES EXTERIEURES'!$A" & AN14-1)),ETANCHEITE!$A$19:INDIRECT("'MENUISERIES EXTERIEURES'!$A" & AN14-1)<>"")))),"")&" "&IFERROR(_xlfn.XLOOKUP(AK14,ETANCHEITE!BA$19:BA$164,ETANCHEITE!$B$19:$B$164),"")&IFERROR(_xlfn.XLOOKUP(AK14,ETANCHEITE!BA$19:BA$164,ETANCHEITE!$C$19:$C$164),"")&IFERROR(_xlfn.XLOOKUP(AK14,ETANCHEITE!BA$19:BA$164,ETANCHEITE!$D$19:$D$164),"")&IFERROR(_xlfn.XLOOKUP(AK14,ETANCHEITE!BA$19:BA$164,ETANCHEITE!$E$19:$E$164),"")&IFERROR(_xlfn.XLOOKUP(AK14,ETANCHEITE!BA$19:BA$164,ETANCHEITE!$F$19:$F$164),"")} | AP14: =IFERROR(VLOOKUP(AK14,ETANCHEITE!BA$19:BC$164,2,FALSE),"")&" "&IFERROR(VLOOKUP(AK14,ETANCHEITE!BA$19:BC$164,3,FALSE),"") | AQ14: =IF(AP14<>" ",'Feuille de Donnée'!$C$3,"") | AR14: {=IFERROR(IF(_xlfn.XLOOKUP(AK14,ETANCHEITE!BA$19:BA$89,ETANCHEITE!AY$19:AY$89,"")<>"",_xlfn.XLOOKUP(AK14,ETANCHEITE!BA$19:BA$89,ETANCHEITE!AY$19:AY$89,""), INDEX(ETANCHEITE!AY:AY,MAX(_xlfn._xlws.FILTER(ROW(ETANCHEITE!AY$19:INDIRECT("'PEINTURE'!O" & AN14-1)),ETANCHEITE!AY$19:INDIRECT("'PEINTURE'!O" & AN14-1)<>"")))),"")} | AS14: {=IFERROR(IF(_xlfn.XLOOKUP(AK14,ETANCHEITE!BA$19:BA$89,ETANCHEITE!AZ$19:AZ$89,"")<>"",_xlfn.XLOOKUP(AK14,ETANCHEITE!BA$19:BA$89,ETANCHEITE!AZ$19:AZ$89,""), INDEX(ETANCHEITE!AZ:AZ,MAX(_xlfn._xlws.FILTER(ROW(ETANCHEITE!AZ$19:INDIRECT("'PEINTURE'!P" & AN14-1)),ETANCHEITE!AZ$19:INDIRECT("'PEINTURE'!P" & AN14-1)<>"")))),"")} | AT14: 12 | AU14: =IF(AY14<>" ",ETANCHEITE!$D$5,"") | AV14: =IF(AY14<>" ",ETANCHEITE!$D$8,"") | AW14: =IFERROR(MATCH(AT14,ETANCHEITE!BJ$19:BJ$164,0)+18,"") | AX14: {=IFERROR(IF(_xlfn.XLOOKUP(AT14,ETANCHEITE!BJ$19:BJ$164,ETANCHEITE!$A$19:$A$164,"")<>"",_xlfn.XLOOKUP(AT14,ETANCHEITE!BJ$19:BJ$164,ETANCHEITE!$A$19:$A$164,""), INDEX(ETANCHEITE!$A:$A,MAX(_xlfn._xlws.FILTER(ROW(ETANCHEITE!$A$19:INDIRECT("'MENUISERIES EXTERIEURES'!$A" & AW14-1)),ETANCHEITE!$A$19:INDIRECT("'MENUISERIES EXTERIEURES'!$A" & AW14-1)<>"")))),"")&" "&IFERROR(_xlfn.XLOOKUP(AT14,ETANCHEITE!BJ$19:BJ$164,ETANCHEITE!$B$19:$B$164),"")&IFERROR(_xlfn.XLOOKUP(AT14,ETANCHEITE!BJ$19:BJ$164,ETANCHEITE!$C$19:$C$164),"")&IFERROR(_xlfn.XLOOKUP(AT14,ETANCHEITE!BJ$19:BJ$164,ETANCHEITE!$D$19:$D$164),"")&IFERROR(_xlfn.XLOOKUP(AT14,ETANCHEITE!BJ$19:BJ$164,ETANCHEITE!$E$19:$E$164),"")&IFERROR(_xlfn.XLOOKUP(AT14,ETANCHEITE!BJ$19:BJ$164,ETANCHEITE!$F$19:$F$164),"")} | AY14: =IFERROR(VLOOKUP(AT14,ETANCHEITE!BJ$19:BL$164,2,FALSE),"")&" "&IFERROR(VLOOKUP(AT14,ETANCHEITE!BJ$19:BL$164,3,FALSE),"") | AZ14: =IF(AY14<>" ",'Feuille de Donnée'!$C$3,"") | BA14: {=IFERROR(IF(_xlfn.XLOOKUP(AT14,ETANCHEITE!BJ$19:BJ$89,ETANCHEITE!BH$19:BH$89,"")<>"",_xlfn.XLOOKUP(AT14,ETANCHEITE!BJ$19:BJ$89,ETANCHEITE!BH$19:BH$89,""), INDEX(ETANCHEITE!BH:BH,MAX(_xlfn._xlws.FILTER(ROW(ETANCHEITE!BH$19:INDIRECT("'PEINTURE'!O" & AW14-1)),ETANCHEITE!BH$19:INDIRECT("'PEINTURE'!O" & AW14-1)<>"")))),"")} | BB14: {=IFERROR(IF(_xlfn.XLOOKUP(AT14,ETANCHEITE!BJ$19:BJ$89,ETANCHEITE!BI$19:BI$89,"")<>"",_xlfn.XLOOKUP(AT14,ETANCHEITE!BJ$19:BJ$89,ETANCHEITE!BI$19:BI$89,""), INDEX(ETANCHEITE!BI:BI,MAX(_xlfn._xlws.FILTER(ROW(ETANCHEITE!BI$19:INDIRECT("'PEINTURE'!P" & AW14-1)),ETANCHEITE!BI$19:INDIRECT("'PEINTURE'!P" & AW14-1)<>"")))),"")}
