Workbook

Sheet RECAP
A1: ='Feuille Donnée'!I3 -> AFFAIRE
A2: ='Feuille Donnée'!G3 -> XX
A3: ='Feuille Donnée'!E3 -> MO
A4: ="INDICE : "&'Feuille Donnée'!M10 -> INDICE : V0
A5: ="PHASE D'ETUDE : "&'Feuille Donnée'!D3 -> PHASE D'ETUDE : ACT
A6: ="DOCUMENT EN DATE DU : "&'Feuille Donnée'!C3 -> DOCUMENT EN DATE DU : DATE
A8: TABLEAU COMPARATIF DES OFFRES TCE | L8: Erreur entreprise
L9: Montant fort
F10: 1 | G10: Première offre | L10: Montant faible
C12: MOE | F12: ENTREPRISES | M12: ANALYSE
A13: NUM | B13: LISTE DES LOTS | C13: Tranche ferme | D13: Variante | E13: Tranche ferme | F13: Classement | G13: ENTREPRISES | H13: Tranche ferme | I13: Poste ajoutés par l'entreprise | J13: Variante | K13: Prix a l'ouverture des offres | L13: Tranche ferme | M13: Ecart ouverture des offres / 2nd Tour | N13: Ecarts MOE (€) | O13: Ecarts MOE (%) | P13: MOINS DISANT | Q13: MIEUX DISANT
C14: =E14 -> 0 | K14: =SUM(H14:J14) -> 0 | L14: =SUM(H14:J14) -> 0 | M14: =IFERROR(1-K14/L14,"-") -> - | N14: =L14-E14 -> 0 | O14: =IFERROR(L14/E14,0)-1 -> -1 | P14: {=IF(SUM(L14:L14)=0,(IF(SUM(K14:K14)=0,E14,MIN(IF(K14:K14<>0,K14:K14)))),MIN(IF(L14:L14<>0,L14:L14)))} -> 0
C15: =E15 -> 0 | K15: =SUM(H15:J15) -> 0 | L15: =SUM(H15:J15) -> 0 | M15: =IFERROR(L15/K15-1,"-") -> - | N15: =L15-E15 -> 0 | O15: =IFERROR(L15/E15,0)-1 -> -1 | P15: {=IF(SUM(L15:L15)=0,(IF(SUM(K15:K15)=0,E15,MIN(IF(K15:K15<>0,K15:K15)))),MIN(IF(L15:L15<>0,L15:L15)))} -> 0
E16: =E15 -> 0 | K16: =SUM(H16:J16) -> 0 | L16: =SUM(H16:J16) -> 0 | M16: =IFERROR(L16/K16-1,"-") -> - | N16: =L16-E16 -> 0 | O16: =IFERROR(L16/E16,0)-1 -> -1 | P16: {=IF(SUM(L16:L16)=0,(IF(SUM(K16:K16)=0,E16,MIN(IF(K16:K16<>0,K16:K16)))),MIN(IF(L16:L16<>0,L16:L16)))} -> 0
C17: =E17 -> 0 | K17: =SUM(H17:J17) -> 0 | L17: =SUM(H17:J17) -> 0 | M17: =IFERROR(L17/K17-1,"-") -> - | N17: =L17-E17 -> 0 | O17: =IFERROR(L17/E17,0)-1 -> -1 | P17: {=IF(SUM(L17:L17)=0,(IF(SUM(K17:K17)=0,E17,MIN(IF(K17:K17<>0,K17:K17)))),MIN(IF(L17:L17<>0,L17:L17)))} -> 0
E18: =E17 -> 0 | K18: =SUM(H18:J18) -> 0 | L18: =SUM(H18:J18) -> 0 | M18: =IFERROR(L18/K18-1,"-") -> - | N18: =L18-E18 -> 0 | O18: =IFERROR(L18/E18,0)-1 -> -1 | P18: {=IF(SUM(L18:L18)=0,(IF(SUM(K18:K18)=0,E18,MIN(IF(K18:K18<>0,K18:K18)))),MIN(IF(L18:L18<>0,L18:L18)))} -> 0
C19: =E19 -> 0 | K19: =SUM(H19:J19) -> 0 | L19: =SUM(H19:J19) -> 0 | M19: =IFERROR(L19/K19-1,"-") -> - | N19: =L19-E19 -> 0 | O19: =IFERROR(L19/E19,0)-1 -> -1 | P19: {=IF(SUM(L19:L19)=0,(IF(SUM(K19:K19)=0,E19,MIN(IF(K19:K19<>0,K19:K19)))),MIN(IF(L19:L19<>0,L19:L19)))} -> 0
E20: =E19 -> 0 | K20: =SUM(H20:J20) -> 0 | L20: =SUM(H20:J20) -> 0 | M20: =IFERROR(L20/K20-1,"-") -> - | N20: =L20-E20 -> 0 | O20: =IFERROR(L20/E20,0)-1 -> -1 | P20: {=IF(SUM(L20:L20)=0,(IF(SUM(K20:K20)=0,E20,MIN(IF(K20:K20<>0,K20:K20)))),MIN(IF(L20:L20<>0,L20:L20)))} -> 0
E21: =E20 -> 0 | K21: =SUM(H21:J21) -> 0 | L21: =SUM(H21:J21) -> 0 | M21: =IFERROR(L21/K21-1,"-") -> - | N21: =L21-E21 -> 0 | O21: =IFERROR(L21/E21,0)-1 -> -1 | P21: {=IF(SUM(L21:L21)=0,(IF(SUM(K21:K21)=0,E21,MIN(IF(K21:K21<>0,K21:K21)))),MIN(IF(L21:L21<>0,L21:L21)))} -> 0
C22: =E22 -> 0 | K22: =SUM(H22:J22) -> 0 | L22: =SUM(H22:J22) -> 0 | M22: =IFERROR(L22/K22-1,"-") -> - | N22: =L22-E22 -> 0 | O22: =IFERROR(L22/E22,0)-1 -> -1 | P22: {=IF(SUM(L22:L22)=0,(IF(SUM(K22:K22)=0,E22,MIN(IF(K22:K22<>0,K22:K22)))),MIN(IF(L22:L22<>0,L22:L22)))} -> 0
E23: =E22 -> 0 | K23: =SUM(H23:J23) -> 0 | L23: =SUM(H23:J23) -> 0 | M23: =IFERROR(L23/K23-1,"-") -> - | N23: =L23-E23 -> 0 | O23: =IFERROR(L23/E23,0)-1 -> -1 | P23: {=IF(SUM(L23:L23)=0,(IF(SUM(K23:K23)=0,E23,MIN(IF(K23:K23<>0,K23:K23)))),MIN(IF(L23:L23<>0,L23:L23)))} -> 0
E24: =E23 -> 0 | K24: =SUM(H24:J24) -> 0 | L24: =SUM(H24:J24) -> 0 | M24: =IFERROR(L24/K24-1,"-") -> - | N24: =L24-E24 -> 0 | O24: =IFERROR(L24/E24,0)-1 -> -1 | P24: {=IF(SUM(L24:L24)=0,(IF(SUM(K24:K24)=0,E24,MIN(IF(K24:K24<>0,K24:K24)))),MIN(IF(L24:L24<>0,L24:L24)))} -> 0
E25: =E24 -> 0 | K25: =SUM(H25:J25) -> 0 | L25: =SUM(H25:J25) -> 0 | M25: =IFERROR(L25/K25-1,"-") -> - | N25: =L25-E25 -> 0 | O25: =IFERROR(L25/E25,0)-1 -> -1 | P25: {=IF(SUM(L25:L25)=0,(IF(SUM(K25:K25)=0,E25,MIN(IF(K25:K25<>0,K25:K25)))),MIN(IF(L25:L25<>0,L25:L25)))} -> 0
C26: =E26 -> 0 | K26: =SUM(H26:J26) -> 0 | L26: =SUM(H26:J26) -> 0 | M26: =IFERROR(L26/K26-1,"-") -> - | N26: =L26-E26 -> 0 | O26: =IFERROR(L26/E26,0)-1 -> -1 | P26: {=IF(SUM(L26:L26)=0,(IF(SUM(K26:K26)=0,E26,MIN(IF(K26:K26<>0,K26:K26)))),MIN(IF(L26:L26<>0,L26:L26)))} -> 0
E27: =E26 -> 0 | K27: =SUM(H27:J27) -> 0 | L27: =SUM(H27:J27) -> 0 | M27: =IFERROR(L27/K27-1,"-") -> - | N27: =L27-E27 -> 0 | O27: =IFERROR(L27/E27,0)-1 -> -1 | P27: {=IF(SUM(L27:L27)=0,(IF(SUM(K27:K27)=0,E27,MIN(IF(K27:K27<>0,K27:K27)))),MIN(IF(L27:L27<>0,L27:L27)))} -> 0
E28: =E27 -> 0 | K28: =SUM(H28:J28) -> 0 | L28: =SUM(H28:J28) -> 0 | M28: =IFERROR(L28/K28-1,"-") -> - | N28: =L28-E28 -> 0 | O28: =IFERROR(L28/E28,0)-1 -> -1 | P28: {=IF(SUM(L28:L28)=0,(IF(SUM(K28:K28)=0,E28,MIN(IF(K28:K28<>0,K28:K28)))),MIN(IF(L28:L28<>0,L28:L28)))} -> 0
E29: =E28 -> 0 | K29: =SUM(H29:J29) -> 0 | L29: =SUM(H29:J29) -> 0 | M29: =IFERROR(L29/K29-1,"-") -> - | N29: =L29-E29 -> 0 | O29: =IFERROR(L29/E29,0)-1 -> -1 | P29: {=IF(SUM(L29:L29)=0,(IF(SUM(K29:K29)=0,E29,MIN(IF(K29:K29<>0,K29:K29)))),MIN(IF(L29:L29<>0,L29:L29)))} -> 0
E30: =E29 -> 0 | K30: =SUM(H30:J30) -> 0 | L30: =SUM(H30:J30) -> 0 | M30: =IFERROR(L30/K30-1,"-") -> - | N30: =L30-E30 -> 0 | O30: =IFERROR(L30/E30,0)-1 -> -1 | P30: {=IF(SUM(L30:L30)=0,(IF(SUM(K30:K30)=0,E30,MIN(IF(K30:K30<>0,K30:K30)))),MIN(IF(L30:L30<>0,L30:L30)))} -> 0
E31: =E30 -> 0 | K31: =SUM(H31:J31) -> 0 | L31: =SUM(H31:J31) -> 0 | M31: =IFERROR(L31/K31-1,"-") -> - | N31: =L31-E31 -> 0 | O31: =IFERROR(L31/E31,0)-1 -> -1 | P31: {=IF(SUM(L31:L31)=0,(IF(SUM(K31:K31)=0,E31,MIN(IF(K31:K31<>0,K31:K31)))),MIN(IF(L31:L31<>0,L31:L31)))} -> 0
C32: =E32 -> 0 | K32: =SUM(H32:J32) -> 0 | L32: =SUM(H32:J32) -> 0 | M32: =IFERROR(L32/K32-1,"-") -> - | N32: =L32-E32 -> 0 | O32: =IFERROR(L32/E32,0)-1 -> -1 | P32: {=IF(SUM(L32:L32)=0,(IF(SUM(K32:K32)=0,E32,MIN(IF(K32:K32<>0,K32:K32)))),MIN(IF(L32:L32<>0,L32:L32)))} -> 0
E33: =E32 -> 0 | K33: =SUM(H33:J33) -> 0 | L33: =SUM(H33:J33) -> 0 | M33: =IFERROR(L33/K33-1,"-") -> - | N33: =L33-E33 -> 0 | O33: =IFERROR(L33/E33,0)-1 -> -1 | P33: {=IF(SUM(L33:L33)=0,(IF(SUM(K33:K33)=0,E33,MIN(IF(K33:K33<>0,K33:K33)))),MIN(IF(L33:L33<>0,L33:L33)))} -> 0
E34: =E32 -> 0 | K34: =SUM(H34:J34) -> 0 | L34: =SUM(H34:J34) -> 0 | M34: =IFERROR(L34/K34-1,"-") -> - | N34: =L34-E34 -> 0 | O34: =IFERROR(L34/E34,0)-1 -> -1
E35: =E33 -> 0 | K35: =SUM(H35:J35) -> 0 | L35: =SUM(H35:J35) -> 0 | M35: =IFERROR(L35/K35-1,"-") -> - | N35: =L35-E35 -> 0 | O35: =IFERROR(L35/E35,0)-1 -> -1 | P35: {=IF(SUM(L35:L35)=0,(IF(SUM(K35:K35)=0,E35,MIN(IF(K35:K35<>0,K35:K35)))),MIN(IF(L35:L35<>0,L35:L35)))} -> 0
E36: =E35 -> 0 | K36: =SUM(H36:J36) -> 0 | L36: =SUM(H36:J36) -> 0 | M36: =IFERROR(L36/K36-1,"-") -> - | N36: =L36-E36 -> 0 | O36: =IFERROR(L36/E36,0)-1 -> -1 | P36: {=IF(SUM(L36:L36)=0,(IF(SUM(K36:K36)=0,E36,MIN(IF(K36:K36<>0,K36:K36)))),MIN(IF(L36:L36<>0,L36:L36)))} -> 0
B37: TOTAL HT | C37: =SUM((_xlfn.UNIQUE(C14:C36))) -> 0 | P37: =SUM(P14:P36) -> 0 | Q37: =SUM(Q14:Q36) -> 0
P38: =P37-C37 -> 0 | Q38: =Q37-C37 -> 0
P39: =IFERROR(P37/C37,0)-1 -> -1 | Q39: =IFERROR(Q37/C37,0)-1 -> -1

Sheet Options
A1: ='Feuille Donnée'!I3 -> AFFAIRE
A2: ='Feuille Donnée'!G3 -> XX
A3: ='Feuille Donnée'!E3 -> MO
A4: ="INDICE : "&'Feuille Donnée'!M10 -> INDICE : V0
A5: ="PHASE D'ETUDE : "&'Feuille Donnée'!D3 -> PHASE D'ETUDE : ACT
A6: ="DOCUMENT EN DATE DU : "&'Feuille Donnée'!C3 -> DOCUMENT EN DATE DU : DATE
A8: TABLEAU COMPARATIF DES OPTIONS :
B12: Options XX -
B13: MOE | E13: ENTREPRISE | I13: ANALYSE
B14: BASE | C14: VARIANTE | D14: BASE + Variante | E14: ENTREPRISE | F14: BASE | G14: VARIANTE | H14: BASE + Variante | I14: Ecarts MOE (€) | J14: Ecarts MOE (%)
D15: =B15+C15 -> 0 | E15: =RECAP!G$12 -> 0 | F15: =RECAP!L19 -> 0 | H15: =F15+G15 -> 0 | I15: =H15-D15 -> 0 | J15: =IFERROR(H15/D15,0)-1 -> -1
E16: =RECAP!G$12 -> 0 | F16: =RECAP!L20 -> 0 | H16: =F16+G16 -> 0 | I16: =H16-D15 -> 0 | J16: =IFERROR(H16/D15,0)-1 -> -1
E17: =RECAP!G21 -> 0 | F17: =RECAP!L21 -> 0 | H17: =F17+G17 -> 0 | I17: =H17-D15 -> 0 | J17: =IFERROR(H17/D15,0)-1 -> -1
D18: =B18+C18 -> 0 | E18: =RECAP!G22 -> 0 | F18: =RECAP!L22 -> 0 | H18: =F18+G18 -> 0 | I18: =H18-D18 -> 0 | J18: =IFERROR(H18/D18,0)-1 -> -1
E19: =RECAP!G23 -> 0 | F19: =RECAP!L23 -> 0 | H19: =F19+G19 -> 0 | I19: =H19-D18 -> 0 | J19: =IFERROR(H19/D18,0)-1 -> -1
E20: =RECAP!G24 -> 0 | F20: =RECAP!L24 -> 0 | H20: =F20+G20 -> 0 | I20: =H20-D18 -> 0 | J20: =IFERROR(H20/D18,0)-1 -> -1

Sheet Variantes
A1: ='Feuille Donnée'!I3 -> AFFAIRE
A2: ='Feuille Donnée'!G3 -> XX
A3: ='Feuille Donnée'!E3 -> MO
A4: ="INDICE : "&'Feuille Donnée'!M10 -> INDICE : V0
A5: ="PHASE D'ETUDE : "&'Feuille Donnée'!D3 -> PHASE D'ETUDE : ACT
A6: ="DOCUMENT EN DATE DU : "&'Feuille Donnée'!C3 -> DOCUMENT EN DATE DU : DATE
A8: TABLEAU COMPARATIF DES VARIANTES :
B12: VARIANTE XX -
B13: MOE | E13: ENTREPRISE | I13: ANALYSE
B14: BASE | C14: VARIANTE | D14: BASE + Variante | E14: ENTREPRISE | F14: BASE | G14: VARIANTE | H14: BASE + Variante | I14: Ecarts MOE (€) | J14: Ecarts MOE (%)
D15: =B15+C15 -> 0 | E15: =RECAP!G19 -> 0 | F15: =RECAP!L19 -> 0 | H15: =F15+G15 -> 0 | I15: =H15-D15 -> 0 | J15: =IFERROR(H15/D15,0)-1 -> -1
E16: =RECAP!G20 -> 0 | F16: =RECAP!L20 -> 0 | H16: =F16+G16 -> 0 | I16: =H16-D15 -> 0 | J16: =IFERROR(H16/D15,0)-1 -> -1
E17: =RECAP!G21 -> 0 | F17: =RECAP!L21 -> 0 | H17: =F17+G17 -> 0 | I17: =H17-D15 -> 0 | J17: =IFERROR(H17/D15,0)-1 -> -1

Sheet Feuille Donnée
C1: données à renseigner
C2: Date | D2: Phase d'etude | E2: MAITRISE D'OUVRAGE : | F2: MAITRISE D'OEUVRE : | G2: déscription de l'affaire | H2: n° du lot : | I2: Nom de l'affaire | J2: Indice
B3: Date | C3: DATE | D3: ACT | E3: MO | F3: MOE | G3: XX | H3: =UPPER(SUBSTITUTE(M9,"_","")) -> RECAPITULATIF | I3: =UPPER(SUBSTITUTE(M7,"_","")) -> AFFAIRE | J3: =M10 -> V0
M4: Calcule du nom de l'indice et de la version
M5: Base | N5: {=MID(CELL("nomfichier"),FIND("[",CELL("nomfichier"))+1,FIND("]",CELL("nomfichier"))-FIND("[",CELL("nomfichier"))-1)} -> AFFAIRE_TAO_RECAPITULATIF_V0.xlsx
M6: Substitue | N6: resultat
M7: =LEFT(N5,FIND("_",N5)) -> AFFAIRE_ | N7: =SUBSTITUTE(N5,M7,"") -> TAO_RECAPITULATIF_V0.xlsx
M8: =LEFT(N7,FIND("_",N7)) -> TAO_ | N8: =SUBSTITUTE(N7,M8,"") -> RECAPITULATIF_V0.xlsx
M9: =LEFT(N8,FIND("_",N8)) -> RECAPITULATIF_ | N9: =SUBSTITUTE(N8,M9,"") -> V0.xlsx
M10: =LEFT(N9,FIND(".",N9)-1) -> V0 | N10: =SUBSTITUTE(N9,M10,"") -> .xlsx
